date,product_id,product_code,category,brand,units_sold,is_synthetic
2025-03-01,1,CPU001,CPU,AMD,4,True
2025-03-02,1,CPU001,CPU,AMD,2,True
2025-03-03,1,CPU001,CPU,AMD,4,True
2025-03-04,1,CPU001,CPU,AMD,1,True
2025-03-05,1,CPU001,CPU,AMD,5,True
2025-03-06,1,CPU001,CPU,AMD,1,True
2025-03-07,1,CPU001,CPU,AMD,4,True
2025-03-08,1,CPU001,CPU,AMD,1,True
2025-03-09,1,CPU001,CPU,AMD,2,True
2025-03-10,1,CPU001,CPU,AMD,4,True
2025-03-11,1,CPU001,CPU,AMD,1,True
2025-03-12,1,CPU001,CPU,AMD,0,True
2025-03-13,1,CPU001,CPU,AMD,4,True
2025-03-14,1,CPU001,CPU,AMD,0,True
2025-03-15,1,CPU001,CPU,AMD,4,True
2025-03-16,1,CPU001,CPU,AMD,1,True
2025-03-17,1,CPU001,CPU,AMD,1,True
2025-03-18,1,CPU001,CPU,AMD,1,True
2025-03-19,1,CPU001,CPU,AMD,2,True
2025-03-20,1,CPU001,CPU,AMD,3,True
2025-03-21,1,CPU001,CPU,AMD,0,True
2025-03-22,1,CPU001,CPU,AMD,1,True
2025-03-23,1,CPU001,CPU,AMD,1,True
2025-03-24,1,CPU001,CPU,AMD,1,True
2025-03-25,1,CPU001,CPU,AMD,1,True
2025-03-26,1,CPU001,CPU,AMD,5,True
2025-03-27,1,CPU001,CPU,AMD,1,True
2025-03-28,1,CPU001,CPU,AMD,2,True
2025-03-29,1,CPU001,CPU,AMD,2,True
2025-03-30,1,CPU001,CPU,AMD,4,True
2025-03-31,1,CPU001,CPU,AMD,1,True
2025-04-01,1,CPU001,CPU,AMD,1,True
2025-04-02,1,CPU001,CPU,AMD,1,True
2025-04-03,1,CPU001,CPU,AMD,2,True
2025-04-04,1,CPU001,CPU,AMD,3,True
2025-04-05,1,CPU001,CPU,AMD,4,True
2025-04-06,1,CPU001,CPU,AMD,2,True
2025-04-07,1,CPU001,CPU,AMD,1,True
2025-04-08,1,CPU001,CPU,AMD,0,True
2025-04-09,1,CPU001,CPU,AMD,2,True
2025-04-10,1,CPU001,CPU,AMD,0,True
2025-04-11,1,CPU001,CPU,AMD,1,True
2025-04-12,1,CPU001,CPU,AMD,3,True
2025-04-13,1,CPU001,CPU,AMD,2,True
2025-04-14,1,CPU001,CPU,AMD,1,True
2025-04-15,1,CPU001,CPU,AMD,6,True
2025-04-16,1,CPU001,CPU,AMD,2,True
2025-04-17,1,CPU001,CPU,AMD,2,True
2025-04-18,1,CPU001,CPU,AMD,1,True
2025-04-19,1,CPU001,CPU,AMD,2,True
2025-04-20,1,CPU001,CPU,AMD,3,True
2025-04-21,1,CPU001,CPU,AMD,1,True
2025-04-22,1,CPU001,CPU,AMD,0,True
2025-04-23,1,CPU001,CPU,AMD,2,True
2025-04-24,1,CPU001,CPU,AMD,2,True
2025-04-25,1,CPU001,CPU,AMD,2,True
2025-04-26,1,CPU001,CPU,AMD,4,True
2025-04-27,1,CPU001,CPU,AMD,1,True
2025-04-28,1,CPU001,CPU,AMD,5,True
2025-04-29,1,CPU001,CPU,AMD,0,True
2025-04-30,1,CPU001,CPU,AMD,3,True
2025-05-01,1,CPU001,CPU,AMD,3,True
2025-05-02,1,CPU001,CPU,AMD,3,True
2025-05-03,1,CPU001,CPU,AMD,2,True
2025-05-04,1,CPU001,CPU,AMD,1,True
2025-05-05,1,CPU001,CPU,AMD,1,True
2025-05-06,1,CPU001,CPU,AMD,1,True
2025-05-07,1,CPU001,CPU,AMD,0,True
2025-05-08,1,CPU001,CPU,AMD,0,True
2025-05-09,1,CPU001,CPU,AMD,0,True
2025-05-10,1,CPU001,CPU,AMD,2,True
2025-05-11,1,CPU001,CPU,AMD,2,True
2025-05-12,1,CPU001,CPU,AMD,1,True
2025-05-13,1,CPU001,CPU,AMD,1,True
2025-05-14,1,CPU001,CPU,AMD,1,True
2025-05-15,1,CPU001,CPU,AMD,0,True
2025-05-16,1,CPU001,CPU,AMD,0,True
2025-05-17,1,CPU001,CPU,AMD,6,True
2025-05-18,1,CPU001,CPU,AMD,3,True
2025-05-19,1,CPU001,CPU,AMD,1,True
2025-05-20,1,CPU001,CPU,AMD,1,True
2025-05-21,1,CPU001,CPU,AMD,1,True
2025-05-22,1,CPU001,CPU,AMD,4,True
2025-05-23,1,CPU001,CPU,AMD,4,True
2025-05-24,1,CPU001,CPU,AMD,2,True
2025-05-25,1,CPU001,CPU,AMD,1,True
2025-05-26,1,CPU001,CPU,AMD,0,True
2025-05-27,1,CPU001,CPU,AMD,0,True
2025-05-28,1,CPU001,CPU,AMD,0,True
2025-05-29,1,CPU001,CPU,AMD,5,True
2025-05-30,1,CPU001,CPU,AMD,0,True
2025-05-31,1,CPU001,CPU,AMD,1,True
2025-06-01,1,CPU001,CPU,AMD,4,True
2025-06-02,1,CPU001,CPU,AMD,1,True
2025-06-03,1,CPU001,CPU,AMD,0,True
2025-06-04,1,CPU001,CPU,AMD,3,True
2025-06-05,1,CPU001,CPU,AMD,2,True
2025-06-06,1,CPU001,CPU,AMD,1,True
2025-06-07,1,CPU001,CPU,AMD,2,True
2025-06-08,1,CPU001,CPU,AMD,3,True
2025-06-09,1,CPU001,CPU,AMD,2,True
2025-06-10,1,CPU001,CPU,AMD,1,True
2025-06-11,1,CPU001,CPU,AMD,1,True
2025-06-12,1,CPU001,CPU,AMD,2,True
2025-06-13,1,CPU001,CPU,AMD,3,True
2025-06-14,1,CPU001,CPU,AMD,3,True
2025-06-15,1,CPU001,CPU,AMD,2,True
2025-06-16,1,CPU001,CPU,AMD,0,True
2025-06-17,1,CPU001,CPU,AMD,0,True
2025-06-18,1,CPU001,CPU,AMD,2,True
2025-06-19,1,CPU001,CPU,AMD,0,True
2025-06-20,1,CPU001,CPU,AMD,2,True
2025-06-21,1,CPU001,CPU,AMD,0,True
2025-06-22,1,CPU001,CPU,AMD,4,True
2025-06-23,1,CPU001,CPU,AMD,0,True
2025-06-24,1,CPU001,CPU,AMD,3,True
2025-06-25,1,CPU001,CPU,AMD,1,True
2025-06-26,1,CPU001,CPU,AMD,2,True
2025-06-27,1,CPU001,CPU,AMD,0,True
2025-06-28,1,CPU001,CPU,AMD,2,True
2025-06-29,1,CPU001,CPU,AMD,5,True
2025-06-30,1,CPU001,CPU,AMD,2,True
2025-07-01,1,CPU001,CPU,AMD,1,True
2025-07-02,1,CPU001,CPU,AMD,2,True
2025-07-03,1,CPU001,CPU,AMD,1,True
2025-07-04,1,CPU001,CPU,AMD,3,True
2025-07-05,1,CPU001,CPU,AMD,2,True
2025-07-06,1,CPU001,CPU,AMD,1,True
2025-07-07,1,CPU001,CPU,AMD,4,True
2025-07-08,1,CPU001,CPU,AMD,2,True
2025-07-09,1,CPU001,CPU,AMD,4,True
2025-07-10,1,CPU001,CPU,AMD,3,True
2025-07-11,1,CPU001,CPU,AMD,0,True
2025-07-12,1,CPU001,CPU,AMD,0,True
2025-07-13,1,CPU001,CPU,AMD,1,True
2025-07-14,1,CPU001,CPU,AMD,1,True
2025-07-15,1,CPU001,CPU,AMD,2,True
2025-07-16,1,CPU001,CPU,AMD,0,True
2025-07-17,1,CPU001,CPU,AMD,4,True
2025-07-18,1,CPU001,CPU,AMD,2,True
2025-07-19,1,CPU001,CPU,AMD,1,True
2025-07-20,1,CPU001,CPU,AMD,5,True
2025-07-21,1,CPU001,CPU,AMD,1,True
2025-07-22,1,CPU001,CPU,AMD,2,True
2025-07-23,1,CPU001,CPU,AMD,1,True
2025-07-24,1,CPU001,CPU,AMD,1,True
2025-07-25,1,CPU001,CPU,AMD,1,True
2025-07-26,1,CPU001,CPU,AMD,5,True
2025-07-27,1,CPU001,CPU,AMD,3,True
2025-07-28,1,CPU001,CPU,AMD,5,True
2025-07-29,1,CPU001,CPU,AMD,1,True
2025-07-30,1,CPU001,CPU,AMD,2,True
2025-07-31,1,CPU001,CPU,AMD,1,True
2025-08-01,1,CPU001,CPU,AMD,1,True
2025-08-02,1,CPU001,CPU,AMD,0,True
2025-08-03,1,CPU001,CPU,AMD,5,True
2025-08-04,1,CPU001,CPU,AMD,4,True
2025-08-05,1,CPU001,CPU,AMD,5,True
2025-08-06,1,CPU001,CPU,AMD,2,True
2025-08-07,1,CPU001,CPU,AMD,5,True
2025-08-08,1,CPU001,CPU,AMD,0,True
2025-08-09,1,CPU001,CPU,AMD,3,True
2025-08-10,1,CPU001,CPU,AMD,0,True
2025-08-11,1,CPU001,CPU,AMD,6,True
2025-08-12,1,CPU001,CPU,AMD,2,True
2025-08-13,1,CPU001,CPU,AMD,1,True
2025-08-14,1,CPU001,CPU,AMD,2,True
2025-08-15,1,CPU001,CPU,AMD,2,True
2025-08-16,1,CPU001,CPU,AMD,1,True
2025-08-17,1,CPU001,CPU,AMD,1,True
2025-08-18,1,CPU001,CPU,AMD,4,True
2025-08-19,1,CPU001,CPU,AMD,4,True
2025-08-20,1,CPU001,CPU,AMD,1,True
2025-08-21,1,CPU001,CPU,AMD,0,True
2025-08-22,1,CPU001,CPU,AMD,0,True
2025-08-23,1,CPU001,CPU,AMD,2,True
2025-08-24,1,CPU001,CPU,AMD,3,True
2025-08-25,1,CPU001,CPU,AMD,3,True
2025-08-26,1,CPU001,CPU,AMD,2,True
2025-08-27,1,CPU001,CPU,AMD,2,True
2025-08-28,1,CPU001,CPU,AMD,5,True
2025-08-29,1,CPU001,CPU,AMD,3,True
2025-08-30,1,CPU001,CPU,AMD,4,True
2025-08-31,1,CPU001,CPU,AMD,1,True
2025-09-01,1,CPU001,CPU,AMD,0,True
2025-09-02,1,CPU001,CPU,AMD,2,True
2025-09-03,1,CPU001,CPU,AMD,1,True
2025-09-04,1,CPU001,CPU,AMD,1,True
2025-09-05,1,CPU001,CPU,AMD,1,True
2025-09-06,1,CPU001,CPU,AMD,1,True
2025-09-07,1,CPU001,CPU,AMD,2,True
2025-09-08,1,CPU001,CPU,AMD,2,True
2025-09-09,1,CPU001,CPU,AMD,2,True
2025-09-10,1,CPU001,CPU,AMD,1,True
2025-09-11,1,CPU001,CPU,AMD,1,True
2025-09-12,1,CPU001,CPU,AMD,2,True
2025-09-13,1,CPU001,CPU,AMD,0,True
2025-09-14,1,CPU001,CPU,AMD,2,True
2025-09-15,1,CPU001,CPU,AMD,1,True
2025-09-16,1,CPU001,CPU,AMD,1,True
2025-09-17,1,CPU001,CPU,AMD,3,True
2025-09-18,1,CPU001,CPU,AMD,3,True
2025-09-19,1,CPU001,CPU,AMD,2,True
2025-09-20,1,CPU001,CPU,AMD,0,True
2025-09-21,1,CPU001,CPU,AMD,1,True
2025-09-22,1,CPU001,CPU,AMD,3,True
2025-09-23,1,CPU001,CPU,AMD,1,True
2025-09-24,1,CPU001,CPU,AMD,1,True
2025-09-25,1,CPU001,CPU,AMD,1,True
2025-09-26,1,CPU001,CPU,AMD,2,True
2025-09-27,1,CPU001,CPU,AMD,3,True
2025-09-28,1,CPU001,CPU,AMD,4,True
2025-09-29,1,CPU001,CPU,AMD,2,True
2025-09-30,1,CPU001,CPU,AMD,3,True
2025-10-01,1,CPU001,CPU,AMD,4,True
2025-10-02,1,CPU001,CPU,AMD,2,True
2025-10-03,1,CPU001,CPU,AMD,2,True
2025-10-04,1,CPU001,CPU,AMD,1,True
2025-10-05,1,CPU001,CPU,AMD,2,True
2025-10-06,1,CPU001,CPU,AMD,4,True
2025-10-07,1,CPU001,CPU,AMD,1,True
2025-10-08,1,CPU001,CPU,AMD,2,True
2025-10-09,1,CPU001,CPU,AMD,1,True
2025-10-10,1,CPU001,CPU,AMD,3,True
2025-10-11,1,CPU001,CPU,AMD,3,True
2025-10-12,1,CPU001,CPU,AMD,1,True
2025-10-13,1,CPU001,CPU,AMD,1,True
2025-10-14,1,CPU001,CPU,AMD,3,True
2025-10-15,1,CPU001,CPU,AMD,3,True
2025-10-16,1,CPU001,CPU,AMD,2,True
2025-10-17,1,CPU001,CPU,AMD,4,True
2025-10-18,1,CPU001,CPU,AMD,7,True
2025-10-19,1,CPU001,CPU,AMD,2,True
2025-10-20,1,CPU001,CPU,AMD,2,True
2025-10-21,1,CPU001,CPU,AMD,2,True
2025-10-22,1,CPU001,CPU,AMD,1,True
2025-10-23,1,CPU001,CPU,AMD,2,True
2025-10-24,1,CPU001,CPU,AMD,1,True
2025-10-25,1,CPU001,CPU,AMD,2,True
2025-10-26,1,CPU001,CPU,AMD,2,True
2025-10-27,1,CPU001,CPU,AMD,3,True
2025-10-28,1,CPU001,CPU,AMD,4,True
2025-10-29,1,CPU001,CPU,AMD,3,True
2025-10-30,1,CPU001,CPU,AMD,3,True
2025-10-31,1,CPU001,CPU,AMD,1,True
2025-11-01,1,CPU001,CPU,AMD,2,True
2025-11-02,1,CPU001,CPU,AMD,3,True
2025-11-03,1,CPU001,CPU,AMD,3,True
2025-11-04,1,CPU001,CPU,AMD,1,True
2025-11-05,1,CPU001,CPU,AMD,4,True
2025-11-06,1,CPU001,CPU,AMD,2,True
2025-11-07,1,CPU001,CPU,AMD,1,True
2025-11-08,1,CPU001,CPU,AMD,1,True
2025-11-09,1,CPU001,CPU,AMD,4,True
2025-11-10,1,CPU001,CPU,AMD,4,True
2025-11-11,1,CPU001,CPU,AMD,1,True
2025-11-12,1,CPU001,CPU,AMD,5,True
2025-11-13,1,CPU001,CPU,AMD,3,True
2025-11-14,1,CPU001,CPU,AMD,4,True
2025-11-15,1,CPU001,CPU,AMD,1,True
2025-11-16,1,CPU001,CPU,AMD,3,True
2025-11-17,1,CPU001,CPU,AMD,3,True
2025-11-18,1,CPU001,CPU,AMD,1,True
2025-11-19,1,CPU001,CPU,AMD,3,True
2025-11-20,1,CPU001,CPU,AMD,4,True
2025-11-21,1,CPU001,CPU,AMD,3,True
2025-11-22,1,CPU001,CPU,AMD,5,True
2025-11-23,1,CPU001,CPU,AMD,3,True
2025-11-24,1,CPU001,CPU,AMD,7,True
2025-11-25,1,CPU001,CPU,AMD,2,True
2025-11-26,1,CPU001,CPU,AMD,3,True
2025-11-27,1,CPU001,CPU,AMD,0,True
2025-11-28,1,CPU001,CPU,AMD,4,True
2025-11-29,1,CPU001,CPU,AMD,2,True
2025-11-30,1,CPU001,CPU,AMD,3,True
2025-12-01,1,CPU001,CPU,AMD,4,True
2025-12-02,1,CPU001,CPU,AMD,1,True
2025-12-03,1,CPU001,CPU,AMD,6,True
2025-12-04,1,CPU001,CPU,AMD,3,True
2025-12-05,1,CPU001,CPU,AMD,5,True
2025-12-06,1,CPU001,CPU,AMD,4,True
2025-12-07,1,CPU001,CPU,AMD,1,True
2025-12-08,1,CPU001,CPU,AMD,0,True
2025-12-09,1,CPU001,CPU,AMD,0,True
2025-12-10,1,CPU001,CPU,AMD,1,True
2025-12-11,1,CPU001,CPU,AMD,2,True
2025-12-12,1,CPU001,CPU,AMD,3,True
2025-12-13,1,CPU001,CPU,AMD,4,True
2025-12-14,1,CPU001,CPU,AMD,2,True
2025-12-15,1,CPU001,CPU,AMD,1,True
2025-12-16,1,CPU001,CPU,AMD,2,True
2025-12-17,1,CPU001,CPU,AMD,2,True
2025-12-18,1,CPU001,CPU,AMD,4,True
2025-12-19,1,CPU001,CPU,AMD,3,True
2025-12-20,1,CPU001,CPU,AMD,1,True
2025-12-21,1,CPU001,CPU,AMD,3,True
2025-12-22,1,CPU001,CPU,AMD,3,True
2025-12-23,1,CPU001,CPU,AMD,10,True
2025-12-24,1,CPU001,CPU,AMD,0,True
2025-12-25,1,CPU001,CPU,AMD,3,True
2025-12-26,1,CPU001,CPU,AMD,2,True
2025-12-27,1,CPU001,CPU,AMD,3,True
2025-12-28,1,CPU001,CPU,AMD,2,True
2025-12-29,1,CPU001,CPU,AMD,2,True
2025-12-30,1,CPU001,CPU,AMD,1,True
2025-12-31,1,CPU001,CPU,AMD,4,True
2026-01-01,1,CPU001,CPU,AMD,3,True
2026-01-02,1,CPU001,CPU,AMD,4,True
2026-01-03,1,CPU001,CPU,AMD,1,True
2026-01-04,1,CPU001,CPU,AMD,1,True
2026-01-05,1,CPU001,CPU,AMD,2,True
2026-01-06,1,CPU001,CPU,AMD,4,True
2026-01-07,1,CPU001,CPU,AMD,3,True
2026-01-08,1,CPU001,CPU,AMD,1,True
2026-01-09,1,CPU001,CPU,AMD,1,True
2026-01-10,1,CPU001,CPU,AMD,2,True
2026-01-11,1,CPU001,CPU,AMD,4,True
2026-01-12,1,CPU001,CPU,AMD,3,True
2026-01-13,1,CPU001,CPU,AMD,2,True
2026-01-14,1,CPU001,CPU,AMD,3,True
2026-01-15,1,CPU001,CPU,AMD,2,True
2026-01-16,1,CPU001,CPU,AMD,1,True
2026-01-17,1,CPU001,CPU,AMD,5,True
2026-01-18,1,CPU001,CPU,AMD,2,True
2026-01-19,1,CPU001,CPU,AMD,4,True
2026-01-20,1,CPU001,CPU,AMD,1,True
2026-01-21,1,CPU001,CPU,AMD,2,True
2026-01-22,1,CPU001,CPU,AMD,0,True
2026-01-23,1,CPU001,CPU,AMD,2,True
2026-01-24,1,CPU001,CPU,AMD,2,True
2026-01-25,1,CPU001,CPU,AMD,2,True
2026-01-26,1,CPU001,CPU,AMD,1,True
2026-01-27,1,CPU001,CPU,AMD,3,True
2026-01-28,1,CPU001,CPU,AMD,3,True
2026-01-29,1,CPU001,CPU,AMD,3,True
2026-01-30,1,CPU001,CPU,AMD,2,True
2026-01-31,1,CPU001,CPU,AMD,1,True
2026-02-01,1,CPU001,CPU,AMD,2,True
2026-02-02,1,CPU001,CPU,AMD,2,True
2026-02-03,1,CPU001,CPU,AMD,2,True
2026-02-04,1,CPU001,CPU,AMD,1,True
2026-02-05,1,CPU001,CPU,AMD,5,True
2026-02-06,1,CPU001,CPU,AMD,5,True
2026-02-07,1,CPU001,CPU,AMD,2,True
2026-02-08,1,CPU001,CPU,AMD,0,True
2026-02-09,1,CPU001,CPU,AMD,3,True
2026-02-10,1,CPU001,CPU,AMD,2,True
2026-02-11,1,CPU001,CPU,AMD,3,True
2026-02-12,1,CPU001,CPU,AMD,0,True
2026-02-13,1,CPU001,CPU,AMD,4,True
2026-02-14,1,CPU001,CPU,AMD,4,True
2026-02-15,1,CPU001,CPU,AMD,3,True
2026-02-16,1,CPU001,CPU,AMD,1,True
2026-02-17,1,CPU001,CPU,AMD,2,True
2026-02-18,1,CPU001,CPU,AMD,1,True
2026-02-19,1,CPU001,CPU,AMD,0,True
2026-02-20,1,CPU001,CPU,AMD,2,True
2026-02-21,1,CPU001,CPU,AMD,2,True
2026-02-22,1,CPU001,CPU,AMD,1,True
2026-02-23,1,CPU001,CPU,AMD,0,True
2026-02-24,1,CPU001,CPU,AMD,3,True
2026-02-25,1,CPU001,CPU,AMD,3,True
2026-02-26,1,CPU001,CPU,AMD,2,True
2026-02-27,1,CPU001,CPU,AMD,3,True
2026-02-28,1,CPU001,CPU,AMD,2,True
2026-03-01,1,CPU001,CPU,AMD,1,True
2026-03-02,1,CPU001,CPU,AMD,3,True
2026-03-03,1,CPU001,CPU,AMD,0,True
2026-03-04,1,CPU001,CPU,AMD,1,True
2026-03-05,1,CPU001,CPU,AMD,2,True
2026-03-06,1,CPU001,CPU,AMD,1,True
2026-03-07,1,CPU001,CPU,AMD,1,True
2026-03-08,1,CPU001,CPU,AMD,1,True
2026-03-09,1,CPU001,CPU,AMD,5,True
2026-03-10,1,CPU001,CPU,AMD,1,True
2026-03-11,1,CPU001,CPU,AMD,2,True
2026-03-12,1,CPU001,CPU,AMD,0,True
2026-03-13,1,CPU001,CPU,AMD,1,True
2026-03-14,1,CPU001,CPU,AMD,6,True
2026-03-15,1,CPU001,CPU,AMD,3,True
2026-03-16,1,CPU001,CPU,AMD,2,True
2026-03-17,1,CPU001,CPU,AMD,2,True
2026-03-18,1,CPU001,CPU,AMD,5,True
2026-03-19,1,CPU001,CPU,AMD,1,True
2026-03-20,1,CPU001,CPU,AMD,2,True
2026-03-21,1,CPU001,CPU,AMD,1,True
2026-03-22,1,CPU001,CPU,AMD,3,True
2026-03-23,1,CPU001,CPU,AMD,3,True
2026-03-24,1,CPU001,CPU,AMD,2,True
2026-03-25,1,CPU001,CPU,AMD,1,True
2026-03-26,1,CPU001,CPU,AMD,3,True
2026-03-27,1,CPU001,CPU,AMD,1,True
2026-03-28,1,CPU001,CPU,AMD,1,True
2026-03-29,1,CPU001,CPU,AMD,2,True
2026-03-30,1,CPU001,CPU,AMD,2,True
2026-03-31,1,CPU001,CPU,AMD,3,True
2026-04-01,1,CPU001,CPU,AMD,2,True
2026-04-02,1,CPU001,CPU,AMD,2,True
2026-04-03,1,CPU001,CPU,AMD,1,True
2026-04-04,1,CPU001,CPU,AMD,1,True
2026-04-05,1,CPU001,CPU,AMD,3,True
2026-04-06,1,CPU001,CPU,AMD,0,True
2026-04-07,1,CPU001,CPU,AMD,1,True
2026-04-08,1,CPU001,CPU,AMD,1,True
2026-04-09,1,CPU001,CPU,AMD,2,True
2026-04-10,1,CPU001,CPU,AMD,2,True
2026-04-11,1,CPU001,CPU,AMD,3,True
2026-04-12,1,CPU001,CPU,AMD,5,True
2026-04-13,1,CPU001,CPU,AMD,2,True
2026-04-14,1,CPU001,CPU,AMD,1,True
2026-04-15,1,CPU001,CPU,AMD,3,True
2026-04-16,1,CPU001,CPU,AMD,3,True
2026-04-17,1,CPU001,CPU,AMD,5,True
2026-04-18,1,CPU001,CPU,AMD,1,True
2026-04-19,1,CPU001,CPU,AMD,3,True
2026-04-20,1,CPU001,CPU,AMD,3,True
2026-04-21,1,CPU001,CPU,AMD,2,True
2026-04-22,1,CPU001,CPU,AMD,3,True
2026-04-23,1,CPU001,CPU,AMD,1,True
2026-04-24,1,CPU001,CPU,AMD,1,True
2026-04-25,1,CPU001,CPU,AMD,4,True
2026-04-26,1,CPU001,CPU,AMD,2,True
2026-04-27,1,CPU001,CPU,AMD,5,True
2026-04-28,1,CPU001,CPU,AMD,1,True
2026-04-29,1,CPU001,CPU,AMD,3,True
2026-04-30,1,CPU001,CPU,AMD,3,True
2026-05-01,1,CPU001,CPU,AMD,0,True
2026-05-02,1,CPU001,CPU,AMD,0,True
2026-05-03,1,CPU001,CPU,AMD,0,True
2026-05-04,1,CPU001,CPU,AMD,5,True
2026-05-05,1,CPU001,CPU,AMD,2,True
2026-05-06,1,CPU001,CPU,AMD,0,True
2026-05-07,1,CPU001,CPU,AMD,1,True
2026-05-08,1,CPU001,CPU,AMD,3,True
2026-05-09,1,CPU001,CPU,AMD,2,True
2026-05-10,1,CPU001,CPU,AMD,2,True
2026-05-11,1,CPU001,CPU,AMD,3,True
2026-05-12,1,CPU001,CPU,AMD,3,True
2026-05-13,1,CPU001,CPU,AMD,1,True
2026-05-14,1,CPU001,CPU,AMD,2,True
2026-05-15,1,CPU001,CPU,AMD,3,True
2026-05-16,1,CPU001,CPU,AMD,3,True
2026-05-17,1,CPU001,CPU,AMD,0,True
2026-05-18,1,CPU001,CPU,AMD,3,True
2026-05-19,1,CPU001,CPU,AMD,1,True
2026-05-20,1,CPU001,CPU,AMD,3,True
2026-05-21,1,CPU001,CPU,AMD,1,True
2026-05-22,1,CPU001,CPU,AMD,0,True
2026-05-23,1,CPU001,CPU,AMD,2,True
2026-05-24,1,CPU001,CPU,AMD,2,True
2026-05-25,1,CPU001,CPU,AMD,3,True
2026-05-26,1,CPU001,CPU,AMD,1,True
2026-05-27,1,CPU001,CPU,AMD,5,True
2026-05-28,1,CPU001,CPU,AMD,2,True
2026-05-29,1,CPU001,CPU,AMD,4,True
2026-05-30,1,CPU001,CPU,AMD,3,True
2026-05-31,1,CPU001,CPU,AMD,1,True
2026-06-01,1,CPU001,CPU,AMD,0,True
2026-06-02,1,CPU001,CPU,AMD,1,True
2026-06-03,1,CPU001,CPU,AMD,1,True
2026-06-04,1,CPU001,CPU,AMD,0,True
2026-06-05,1,CPU001,CPU,AMD,1,True
2026-06-06,1,CPU001,CPU,AMD,1,True
2026-06-07,1,CPU001,CPU,AMD,0,True
2026-06-08,1,CPU001,CPU,AMD,2,True
2026-06-09,1,CPU001,CPU,AMD,1,True
2026-06-10,1,CPU001,CPU,AMD,2,True
2026-06-11,1,CPU001,CPU,AMD,4,True
2026-06-12,1,CPU001,CPU,AMD,1,True
2026-06-13,1,CPU001,CPU,AMD,0,True
2026-06-14,1,CPU001,CPU,AMD,1,True
2026-06-15,1,CPU001,CPU,AMD,4,True
2026-06-16,1,CPU001,CPU,AMD,2,True
2026-06-17,1,CPU001,CPU,AMD,1,True
2026-06-18,1,CPU001,CPU,AMD,0,True
2026-06-19,1,CPU001,CPU,AMD,2,True
2026-06-20,1,CPU001,CPU,AMD,2,True
2026-06-21,1,CPU001,CPU,AMD,4,True
2026-06-22,1,CPU001,CPU,AMD,2,True
2026-06-23,1,CPU001,CPU,AMD,0,True
2026-06-24,1,CPU001,CPU,AMD,0,True
2026-06-25,1,CPU001,CPU,AMD,3,True
2026-06-26,1,CPU001,CPU,AMD,2,True
2026-06-27,1,CPU001,CPU,AMD,3,True
2026-06-28,1,CPU001,CPU,AMD,2,True
2026-06-29,1,CPU001,CPU,AMD,3,True
2026-06-30,1,CPU001,CPU,AMD,0,True
2026-07-01,1,CPU001,CPU,AMD,1,True
2026-07-02,1,CPU001,CPU,AMD,2,True
2026-07-03,1,CPU001,CPU,AMD,4,True
2026-07-04,1,CPU001,CPU,AMD,2,True
2026-07-05,1,CPU001,CPU,AMD,1,True
2026-07-06,1,CPU001,CPU,AMD,0,True
2026-07-07,1,CPU001,CPU,AMD,2,True
2026-07-08,1,CPU001,CPU,AMD,2,True
2026-07-09,1,CPU001,CPU,AMD,0,True
2026-07-10,1,CPU001,CPU,AMD,2,True
2026-07-11,1,CPU001,CPU,AMD,2,True
2026-07-12,1,CPU001,CPU,AMD,1,True
2026-07-13,1,CPU001,CPU,AMD,2,True
2026-07-14,1,CPU001,CPU,AMD,2,True
2026-07-15,1,CPU001,CPU,AMD,2,True
2026-07-16,1,CPU001,CPU,AMD,1,True
2026-07-17,1,CPU001,CPU,AMD,1,True
2026-07-18,1,CPU001,CPU,AMD,2,True
2026-07-19,1,CPU001,CPU,AMD,1,True
2026-07-20,1,CPU001,CPU,AMD,2,True
2026-07-21,1,CPU001,CPU,AMD,4,True
2026-07-22,1,CPU001,CPU,AMD,2,True
2026-07-23,1,CPU001,CPU,AMD,3,True
2026-07-24,1,CPU001,CPU,AMD,0,True
2026-07-25,1,CPU001,CPU,AMD,2,True
2026-07-26,1,CPU001,CPU,AMD,1,True
2026-07-27,1,CPU001,CPU,AMD,2,True
2026-07-28,1,CPU001,CPU,AMD,1,True
2026-07-29,1,CPU001,CPU,AMD,1,True
2026-07-30,1,CPU001,CPU,AMD,0,True
2026-07-31,1,CPU001,CPU,AMD,1,True
2026-08-01,1,CPU001,CPU,AMD,5,True
2026-08-02,1,CPU001,CPU,AMD,2,True
2026-08-03,1,CPU001,CPU,AMD,0,True
2026-08-04,1,CPU001,CPU,AMD,1,True
2026-08-05,1,CPU001,CPU,AMD,1,True
2026-08-06,1,CPU001,CPU,AMD,1,True
2026-08-07,1,CPU001,CPU,AMD,1,True
2026-08-08,1,CPU001,CPU,AMD,0,True
2026-08-09,1,CPU001,CPU,AMD,4,True
2026-08-10,1,CPU001,CPU,AMD,3,True
2026-08-11,1,CPU001,CPU,AMD,3,True
2026-08-12,1,CPU001,CPU,AMD,0,True
2026-08-13,1,CPU001,CPU,AMD,1,True
2026-08-14,1,CPU001,CPU,AMD,0,True
2026-08-15,1,CPU001,CPU,AMD,3,True
2026-08-16,1,CPU001,CPU,AMD,1,True
2026-08-17,1,CPU001,CPU,AMD,1,True
2026-08-18,1,CPU001,CPU,AMD,3,True
2026-08-19,1,CPU001,CPU,AMD,2,True
2026-08-20,1,CPU001,CPU,AMD,0,True
2026-08-21,1,CPU001,CPU,AMD,3,True
2026-08-22,1,CPU001,CPU,AMD,3,True
2026-08-23,1,CPU001,CPU,AMD,2,True
2026-08-24,1,CPU001,CPU,AMD,1,True
2026-08-25,1,CPU001,CPU,AMD,1,True
2026-08-26,1,CPU001,CPU,AMD,1,True
2026-08-27,1,CPU001,CPU,AMD,2,True
2026-08-28,1,CPU001,CPU,AMD,2,True
2026-08-29,1,CPU001,CPU,AMD,2,True
2026-08-30,1,CPU001,CPU,AMD,5,True
2026-08-31,1,CPU001,CPU,AMD,3,True
2025-03-01,2,MB001,Motherboard,MSI,1,True
2025-03-02,2,MB001,Motherboard,MSI,0,True
2025-03-03,2,MB001,Motherboard,MSI,0,True
2025-03-04,2,MB001,Motherboard,MSI,1,True
2025-03-05,2,MB001,Motherboard,MSI,0,True
2025-03-06,2,MB001,Motherboard,MSI,2,True
2025-03-07,2,MB001,Motherboard,MSI,1,True
2025-03-08,2,MB001,Motherboard,MSI,0,True
2025-03-09,2,MB001,Motherboard,MSI,0,True
2025-03-10,2,MB001,Motherboard,MSI,0,True
2025-03-11,2,MB001,Motherboard,MSI,1,True
2025-03-12,2,MB001,Motherboard,MSI,2,True
2025-03-13,2,MB001,Motherboard,MSI,4,True
2025-03-14,2,MB001,Motherboard,MSI,3,True
2025-03-15,2,MB001,Motherboard,MSI,0,True
2025-03-16,2,MB001,Motherboard,MSI,3,True
2025-03-17,2,MB001,Motherboard,MSI,3,True
2025-03-18,2,MB001,Motherboard,MSI,0,True
2025-03-19,2,MB001,Motherboard,MSI,1,True
2025-03-20,2,MB001,Motherboard,MSI,1,True
2025-03-21,2,MB001,Motherboard,MSI,0,True
2025-03-22,2,MB001,Motherboard,MSI,1,True
2025-03-23,2,MB001,Motherboard,MSI,3,True
2025-03-24,2,MB001,Motherboard,MSI,0,True
2025-03-25,2,MB001,Motherboard,MSI,5,True
2025-03-26,2,MB001,Motherboard,MSI,1,True
2025-03-27,2,MB001,Motherboard,MSI,3,True
2025-03-28,2,MB001,Motherboard,MSI,0,True
2025-03-29,2,MB001,Motherboard,MSI,1,True
2025-03-30,2,MB001,Motherboard,MSI,2,True
2025-03-31,2,MB001,Motherboard,MSI,1,True
2025-04-01,2,MB001,Motherboard,MSI,1,True
2025-04-02,2,MB001,Motherboard,MSI,1,True
2025-04-03,2,MB001,Motherboard,MSI,2,True
2025-04-04,2,MB001,Motherboard,MSI,2,True
2025-04-05,2,MB001,Motherboard,MSI,0,True
2025-04-06,2,MB001,Motherboard,MSI,0,True
2025-04-07,2,MB001,Motherboard,MSI,0,True
2025-04-08,2,MB001,Motherboard,MSI,0,True
2025-04-09,2,MB001,Motherboard,MSI,1,True
2025-04-10,2,MB001,Motherboard,MSI,0,True
2025-04-11,2,MB001,Motherboard,MSI,0,True
2025-04-12,2,MB001,Motherboard,MSI,2,True
2025-04-13,2,MB001,Motherboard,MSI,1,True
2025-04-14,2,MB001,Motherboard,MSI,0,True
2025-04-15,2,MB001,Motherboard,MSI,3,True
2025-04-16,2,MB001,Motherboard,MSI,1,True
2025-04-17,2,MB001,Motherboard,MSI,1,True
2025-04-18,2,MB001,Motherboard,MSI,1,True
2025-04-19,2,MB001,Motherboard,MSI,1,True
2025-04-20,2,MB001,Motherboard,MSI,1,True
2025-04-21,2,MB001,Motherboard,MSI,0,True
2025-04-22,2,MB001,Motherboard,MSI,2,True
2025-04-23,2,MB001,Motherboard,MSI,0,True
2025-04-24,2,MB001,Motherboard,MSI,4,True
2025-04-25,2,MB001,Motherboard,MSI,0,True
2025-04-26,2,MB001,Motherboard,MSI,4,True
2025-04-27,2,MB001,Motherboard,MSI,1,True
2025-04-28,2,MB001,Motherboard,MSI,3,True
2025-04-29,2,MB001,Motherboard,MSI,1,True
2025-04-30,2,MB001,Motherboard,MSI,1,True
2025-05-01,2,MB001,Motherboard,MSI,0,True
2025-05-02,2,MB001,Motherboard,MSI,1,True
2025-05-03,2,MB001,Motherboard,MSI,1,True
2025-05-04,2,MB001,Motherboard,MSI,3,True
2025-05-05,2,MB001,Motherboard,MSI,1,True
2025-05-06,2,MB001,Motherboard,MSI,2,True
2025-05-07,2,MB001,Motherboard,MSI,1,True
2025-05-08,2,MB001,Motherboard,MSI,1,True
2025-05-09,2,MB001,Motherboard,MSI,0,True
2025-05-10,2,MB001,Motherboard,MSI,2,True
2025-05-11,2,MB001,Motherboard,MSI,3,True
2025-05-12,2,MB001,Motherboard,MSI,0,True
2025-05-13,2,MB001,Motherboard,MSI,2,True
2025-05-14,2,MB001,Motherboard,MSI,1,True
2025-05-15,2,MB001,Motherboard,MSI,2,True
2025-05-16,2,MB001,Motherboard,MSI,2,True
2025-05-17,2,MB001,Motherboard,MSI,1,True
2025-05-18,2,MB001,Motherboard,MSI,0,True
2025-05-19,2,MB001,Motherboard,MSI,2,True
2025-05-20,2,MB001,Motherboard,MSI,1,True
2025-05-21,2,MB001,Motherboard,MSI,2,True
2025-05-22,2,MB001,Motherboard,MSI,2,True
2025-05-23,2,MB001,Motherboard,MSI,2,True
2025-05-24,2,MB001,Motherboard,MSI,2,True
2025-05-25,2,MB001,Motherboard,MSI,2,True
2025-05-26,2,MB001,Motherboard,MSI,4,True
2025-05-27,2,MB001,Motherboard,MSI,0,True
2025-05-28,2,MB001,Motherboard,MSI,0,True
2025-05-29,2,MB001,Motherboard,MSI,0,True
2025-05-30,2,MB001,Motherboard,MSI,1,True
2025-05-31,2,MB001,Motherboard,MSI,1,True
2025-06-01,2,MB001,Motherboard,MSI,1,True
2025-06-02,2,MB001,Motherboard,MSI,3,True
2025-06-03,2,MB001,Motherboard,MSI,1,True
2025-06-04,2,MB001,Motherboard,MSI,4,True
2025-06-05,2,MB001,Motherboard,MSI,1,True
2025-06-06,2,MB001,Motherboard,MSI,2,True
2025-06-07,2,MB001,Motherboard,MSI,0,True
2025-06-08,2,MB001,Motherboard,MSI,3,True
2025-06-09,2,MB001,Motherboard,MSI,0,True
2025-06-10,2,MB001,Motherboard,MSI,1,True
2025-06-11,2,MB001,Motherboard,MSI,2,True
2025-06-12,2,MB001,Motherboard,MSI,1,True
2025-06-13,2,MB001,Motherboard,MSI,2,True
2025-06-14,2,MB001,Motherboard,MSI,3,True
2025-06-15,2,MB001,Motherboard,MSI,1,True
2025-06-16,2,MB001,Motherboard,MSI,0,True
2025-06-17,2,MB001,Motherboard,MSI,0,True
2025-06-18,2,MB001,Motherboard,MSI,0,True
2025-06-19,2,MB001,Motherboard,MSI,1,True
2025-06-20,2,MB001,Motherboard,MSI,1,True
2025-06-21,2,MB001,Motherboard,MSI,1,True
2025-06-22,2,MB001,Motherboard,MSI,1,True
2025-06-23,2,MB001,Motherboard,MSI,3,True
2025-06-24,2,MB001,Motherboard,MSI,1,True
2025-06-25,2,MB001,Motherboard,MSI,1,True
2025-06-26,2,MB001,Motherboard,MSI,2,True
2025-06-27,2,MB001,Motherboard,MSI,1,True
2025-06-28,2,MB001,Motherboard,MSI,0,True
2025-06-29,2,MB001,Motherboard,MSI,4,True
2025-06-30,2,MB001,Motherboard,MSI,1,True
2025-07-01,2,MB001,Motherboard,MSI,1,True
2025-07-02,2,MB001,Motherboard,MSI,0,True
2025-07-03,2,MB001,Motherboard,MSI,2,True
2025-07-04,2,MB001,Motherboard,MSI,1,True
2025-07-05,2,MB001,Motherboard,MSI,0,True
2025-07-06,2,MB001,Motherboard,MSI,3,True
2025-07-07,2,MB001,Motherboard,MSI,5,True
2025-07-08,2,MB001,Motherboard,MSI,2,True
2025-07-09,2,MB001,Motherboard,MSI,1,True
2025-07-10,2,MB001,Motherboard,MSI,2,True
2025-07-11,2,MB001,Motherboard,MSI,3,True
2025-07-12,2,MB001,Motherboard,MSI,1,True
2025-07-13,2,MB001,Motherboard,MSI,1,True
2025-07-14,2,MB001,Motherboard,MSI,1,True
2025-07-15,2,MB001,Motherboard,MSI,1,True
2025-07-16,2,MB001,Motherboard,MSI,1,True
2025-07-17,2,MB001,Motherboard,MSI,0,True
2025-07-18,2,MB001,Motherboard,MSI,0,True
2025-07-19,2,MB001,Motherboard,MSI,0,True
2025-07-20,2,MB001,Motherboard,MSI,4,True
2025-07-21,2,MB001,Motherboard,MSI,1,True
2025-07-22,2,MB001,Motherboard,MSI,3,True
2025-07-23,2,MB001,Motherboard,MSI,2,True
2025-07-24,2,MB001,Motherboard,MSI,0,True
2025-07-25,2,MB001,Motherboard,MSI,1,True
2025-07-26,2,MB001,Motherboard,MSI,0,True
2025-07-27,2,MB001,Motherboard,MSI,0,True
2025-07-28,2,MB001,Motherboard,MSI,1,True
2025-07-29,2,MB001,Motherboard,MSI,2,True
2025-07-30,2,MB001,Motherboard,MSI,0,True
2025-07-31,2,MB001,Motherboard,MSI,1,True
2025-08-01,2,MB001,Motherboard,MSI,1,True
2025-08-02,2,MB001,Motherboard,MSI,1,True
2025-08-03,2,MB001,Motherboard,MSI,1,True
2025-08-04,2,MB001,Motherboard,MSI,2,True
2025-08-05,2,MB001,Motherboard,MSI,0,True
2025-08-06,2,MB001,Motherboard,MSI,1,True
2025-08-07,2,MB001,Motherboard,MSI,0,True
2025-08-08,2,MB001,Motherboard,MSI,0,True
2025-08-09,2,MB001,Motherboard,MSI,2,True
2025-08-10,2,MB001,Motherboard,MSI,4,True
2025-08-11,2,MB001,Motherboard,MSI,1,True
2025-08-12,2,MB001,Motherboard,MSI,0,True
2025-08-13,2,MB001,Motherboard,MSI,1,True
2025-08-14,2,MB001,Motherboard,MSI,1,True
2025-08-15,2,MB001,Motherboard,MSI,1,True
2025-08-16,2,MB001,Motherboard,MSI,1,True
2025-08-17,2,MB001,Motherboard,MSI,0,True
2025-08-18,2,MB001,Motherboard,MSI,0,True
2025-08-19,2,MB001,Motherboard,MSI,1,True
2025-08-20,2,MB001,Motherboard,MSI,2,True
2025-08-21,2,MB001,Motherboard,MSI,2,True
2025-08-22,2,MB001,Motherboard,MSI,4,True
2025-08-23,2,MB001,Motherboard,MSI,3,True
2025-08-24,2,MB001,Motherboard,MSI,0,True
2025-08-25,2,MB001,Motherboard,MSI,1,True
2025-08-26,2,MB001,Motherboard,MSI,0,True
2025-08-27,2,MB001,Motherboard,MSI,2,True
2025-08-28,2,MB001,Motherboard,MSI,1,True
2025-08-29,2,MB001,Motherboard,MSI,2,True
2025-08-30,2,MB001,Motherboard,MSI,0,True
2025-08-31,2,MB001,Motherboard,MSI,3,True
2025-09-01,2,MB001,Motherboard,MSI,1,True
2025-09-02,2,MB001,Motherboard,MSI,2,True
2025-09-03,2,MB001,Motherboard,MSI,1,True
2025-09-04,2,MB001,Motherboard,MSI,0,True
2025-09-05,2,MB001,Motherboard,MSI,1,True
2025-09-06,2,MB001,Motherboard,MSI,0,True
2025-09-07,2,MB001,Motherboard,MSI,0,True
2025-09-08,2,MB001,Motherboard,MSI,1,True
2025-09-09,2,MB001,Motherboard,MSI,2,True
2025-09-10,2,MB001,Motherboard,MSI,2,True
2025-09-11,2,MB001,Motherboard,MSI,1,True
2025-09-12,2,MB001,Motherboard,MSI,1,True
2025-09-13,2,MB001,Motherboard,MSI,0,True
2025-09-14,2,MB001,Motherboard,MSI,2,True
2025-09-15,2,MB001,Motherboard,MSI,1,True
2025-09-16,2,MB001,Motherboard,MSI,0,True
2025-09-17,2,MB001,Motherboard,MSI,0,True
2025-09-18,2,MB001,Motherboard,MSI,1,True
2025-09-19,2,MB001,Motherboard,MSI,0,True
2025-09-20,2,MB001,Motherboard,MSI,1,True
2025-09-21,2,MB001,Motherboard,MSI,0,True
2025-09-22,2,MB001,Motherboard,MSI,0,True
2025-09-23,2,MB001,Motherboard,MSI,0,True
2025-09-24,2,MB001,Motherboard,MSI,3,True
2025-09-25,2,MB001,Motherboard,MSI,0,True
2025-09-26,2,MB001,Motherboard,MSI,1,True
2025-09-27,2,MB001,Motherboard,MSI,0,True
2025-09-28,2,MB001,Motherboard,MSI,3,True
2025-09-29,2,MB001,Motherboard,MSI,2,True
2025-09-30,2,MB001,Motherboard,MSI,2,True
2025-10-01,2,MB001,Motherboard,MSI,1,True
2025-10-02,2,MB001,Motherboard,MSI,1,True
2025-10-03,2,MB001,Motherboard,MSI,1,True
2025-10-04,2,MB001,Motherboard,MSI,2,True
2025-10-05,2,MB001,Motherboard,MSI,1,True
2025-10-06,2,MB001,Motherboard,MSI,2,True
2025-10-07,2,MB001,Motherboard,MSI,0,True
2025-10-08,2,MB001,Motherboard,MSI,0,True
2025-10-09,2,MB001,Motherboard,MSI,0,True
2025-10-10,2,MB001,Motherboard,MSI,0,True
2025-10-11,2,MB001,Motherboard,MSI,1,True
2025-10-12,2,MB001,Motherboard,MSI,2,True
2025-10-13,2,MB001,Motherboard,MSI,0,True
2025-10-14,2,MB001,Motherboard,MSI,1,True
2025-10-15,2,MB001,Motherboard,MSI,0,True
2025-10-16,2,MB001,Motherboard,MSI,3,True
2025-10-17,2,MB001,Motherboard,MSI,0,True
2025-10-18,2,MB001,Motherboard,MSI,1,True
2025-10-19,2,MB001,Motherboard,MSI,0,True
2025-10-20,2,MB001,Motherboard,MSI,1,True
2025-10-21,2,MB001,Motherboard,MSI,2,True
2025-10-22,2,MB001,Motherboard,MSI,3,True
2025-10-23,2,MB001,Motherboard,MSI,1,True
2025-10-24,2,MB001,Motherboard,MSI,0,True
2025-10-25,2,MB001,Motherboard,MSI,0,True
2025-10-26,2,MB001,Motherboard,MSI,2,True
2025-10-27,2,MB001,Motherboard,MSI,2,True
2025-10-28,2,MB001,Motherboard,MSI,1,True
2025-10-29,2,MB001,Motherboard,MSI,1,True
2025-10-30,2,MB001,Motherboard,MSI,0,True
2025-10-31,2,MB001,Motherboard,MSI,1,True
2025-11-01,2,MB001,Motherboard,MSI,2,True
2025-11-02,2,MB001,Motherboard,MSI,1,True
2025-11-03,2,MB001,Motherboard,MSI,1,True
2025-11-04,2,MB001,Motherboard,MSI,1,True
2025-11-05,2,MB001,Motherboard,MSI,2,True
2025-11-06,2,MB001,Motherboard,MSI,2,True
2025-11-07,2,MB001,Motherboard,MSI,1,True
2025-11-08,2,MB001,Motherboard,MSI,2,True
2025-11-09,2,MB001,Motherboard,MSI,0,True
2025-11-10,2,MB001,Motherboard,MSI,2,True
2025-11-11,2,MB001,Motherboard,MSI,3,True
2025-11-12,2,MB001,Motherboard,MSI,2,True
2025-11-13,2,MB001,Motherboard,MSI,3,True
2025-11-14,2,MB001,Motherboard,MSI,0,True
2025-11-15,2,MB001,Motherboard,MSI,1,True
2025-11-16,2,MB001,Motherboard,MSI,2,True
2025-11-17,2,MB001,Motherboard,MSI,1,True
2025-11-18,2,MB001,Motherboard,MSI,1,True
2025-11-19,2,MB001,Motherboard,MSI,4,True
2025-11-20,2,MB001,Motherboard,MSI,1,True
2025-11-21,2,MB001,Motherboard,MSI,0,True
2025-11-22,2,MB001,Motherboard,MSI,2,True
2025-11-23,2,MB001,Motherboard,MSI,3,True
2025-11-24,2,MB001,Motherboard,MSI,3,True
2025-11-25,2,MB001,Motherboard,MSI,1,True
2025-11-26,2,MB001,Motherboard,MSI,1,True
2025-11-27,2,MB001,Motherboard,MSI,3,True
2025-11-28,2,MB001,Motherboard,MSI,0,True
2025-11-29,2,MB001,Motherboard,MSI,1,True
2025-11-30,2,MB001,Motherboard,MSI,3,True
2025-12-01,2,MB001,Motherboard,MSI,1,True
2025-12-02,2,MB001,Motherboard,MSI,1,True
2025-12-03,2,MB001,Motherboard,MSI,0,True
2025-12-04,2,MB001,Motherboard,MSI,1,True
2025-12-05,2,MB001,Motherboard,MSI,3,True
2025-12-06,2,MB001,Motherboard,MSI,3,True
2025-12-07,2,MB001,Motherboard,MSI,1,True
2025-12-08,2,MB001,Motherboard,MSI,1,True
2025-12-09,2,MB001,Motherboard,MSI,6,True
2025-12-10,2,MB001,Motherboard,MSI,0,True
2025-12-11,2,MB001,Motherboard,MSI,0,True
2025-12-12,2,MB001,Motherboard,MSI,4,True
2025-12-13,2,MB001,Motherboard,MSI,2,True
2025-12-14,2,MB001,Motherboard,MSI,0,True
2025-12-15,2,MB001,Motherboard,MSI,5,True
2025-12-16,2,MB001,Motherboard,MSI,1,True
2025-12-17,2,MB001,Motherboard,MSI,2,True
2025-12-18,2,MB001,Motherboard,MSI,0,True
2025-12-19,2,MB001,Motherboard,MSI,2,True
2025-12-20,2,MB001,Motherboard,MSI,0,True
2025-12-21,2,MB001,Motherboard,MSI,3,True
2025-12-22,2,MB001,Motherboard,MSI,0,True
2025-12-23,2,MB001,Motherboard,MSI,7,True
2025-12-24,2,MB001,Motherboard,MSI,0,True
2025-12-25,2,MB001,Motherboard,MSI,2,True
2025-12-26,2,MB001,Motherboard,MSI,0,True
2025-12-27,2,MB001,Motherboard,MSI,1,True
2025-12-28,2,MB001,Motherboard,MSI,1,True
2025-12-29,2,MB001,Motherboard,MSI,2,True
2025-12-30,2,MB001,Motherboard,MSI,1,True
2025-12-31,2,MB001,Motherboard,MSI,1,True
2026-01-01,2,MB001,Motherboard,MSI,1,True
2026-01-02,2,MB001,Motherboard,MSI,0,True
2026-01-03,2,MB001,Motherboard,MSI,0,True
2026-01-04,2,MB001,Motherboard,MSI,1,True
2026-01-05,2,MB001,Motherboard,MSI,1,True
2026-01-06,2,MB001,Motherboard,MSI,1,True
2026-01-07,2,MB001,Motherboard,MSI,3,True
2026-01-08,2,MB001,Motherboard,MSI,1,True
2026-01-09,2,MB001,Motherboard,MSI,0,True
2026-01-10,2,MB001,Motherboard,MSI,1,True
2026-01-11,2,MB001,Motherboard,MSI,1,True
2026-01-12,2,MB001,Motherboard,MSI,1,True
2026-01-13,2,MB001,Motherboard,MSI,2,True
2026-01-14,2,MB001,Motherboard,MSI,2,True
2026-01-15,2,MB001,Motherboard,MSI,2,True
2026-01-16,2,MB001,Motherboard,MSI,0,True
2026-01-17,2,MB001,Motherboard,MSI,0,True
2026-01-18,2,MB001,Motherboard,MSI,0,True
2026-01-19,2,MB001,Motherboard,MSI,2,True
2026-01-20,2,MB001,Motherboard,MSI,1,True
2026-01-21,2,MB001,Motherboard,MSI,1,True
2026-01-22,2,MB001,Motherboard,MSI,3,True
2026-01-23,2,MB001,Motherboard,MSI,1,True
2026-01-24,2,MB001,Motherboard,MSI,2,True
2026-01-25,2,MB001,Motherboard,MSI,0,True
2026-01-26,2,MB001,Motherboard,MSI,0,True
2026-01-27,2,MB001,Motherboard,MSI,3,True
2026-01-28,2,MB001,Motherboard,MSI,1,True
2026-01-29,2,MB001,Motherboard,MSI,1,True
2026-01-30,2,MB001,Motherboard,MSI,3,True
2026-01-31,2,MB001,Motherboard,MSI,2,True
2026-02-01,2,MB001,Motherboard,MSI,0,True
2026-02-02,2,MB001,Motherboard,MSI,0,True
2026-02-03,2,MB001,Motherboard,MSI,1,True
2026-02-04,2,MB001,Motherboard,MSI,0,True
2026-02-05,2,MB001,Motherboard,MSI,1,True
2026-02-06,2,MB001,Motherboard,MSI,0,True
2026-02-07,2,MB001,Motherboard,MSI,3,True
2026-02-08,2,MB001,Motherboard,MSI,0,True
2026-02-09,2,MB001,Motherboard,MSI,0,True
2026-02-10,2,MB001,Motherboard,MSI,1,True
2026-02-11,2,MB001,Motherboard,MSI,1,True
2026-02-12,2,MB001,Motherboard,MSI,0,True
2026-02-13,2,MB001,Motherboard,MSI,2,True
2026-02-14,2,MB001,Motherboard,MSI,2,True
2026-02-15,2,MB001,Motherboard,MSI,1,True
2026-02-16,2,MB001,Motherboard,MSI,0,True
2026-02-17,2,MB001,Motherboard,MSI,1,True
2026-02-18,2,MB001,Motherboard,MSI,2,True
2026-02-19,2,MB001,Motherboard,MSI,2,True
2026-02-20,2,MB001,Motherboard,MSI,2,True
2026-02-21,2,MB001,Motherboard,MSI,0,True
2026-02-22,2,MB001,Motherboard,MSI,1,True
2026-02-23,2,MB001,Motherboard,MSI,1,True
2026-02-24,2,MB001,Motherboard,MSI,2,True
2026-02-25,2,MB001,Motherboard,MSI,4,True
2026-02-26,2,MB001,Motherboard,MSI,1,True
2026-02-27,2,MB001,Motherboard,MSI,0,True
2026-02-28,2,MB001,Motherboard,MSI,0,True
2026-03-01,2,MB001,Motherboard,MSI,0,True
2026-03-02,2,MB001,Motherboard,MSI,1,True
2026-03-03,2,MB001,Motherboard,MSI,1,True
2026-03-04,2,MB001,Motherboard,MSI,1,True
2026-03-05,2,MB001,Motherboard,MSI,0,True
2026-03-06,2,MB001,Motherboard,MSI,3,True
2026-03-07,2,MB001,Motherboard,MSI,0,True
2026-03-08,2,MB001,Motherboard,MSI,1,True
2026-03-09,2,MB001,Motherboard,MSI,0,True
2026-03-10,2,MB001,Motherboard,MSI,0,True
2026-03-11,2,MB001,Motherboard,MSI,0,True
2026-03-12,2,MB001,Motherboard,MSI,1,True
2026-03-13,2,MB001,Motherboard,MSI,1,True
2026-03-14,2,MB001,Motherboard,MSI,2,True
2026-03-15,2,MB001,Motherboard,MSI,4,True
2026-03-16,2,MB001,Motherboard,MSI,2,True
2026-03-17,2,MB001,Motherboard,MSI,3,True
2026-03-18,2,MB001,Motherboard,MSI,2,True
2026-03-19,2,MB001,Motherboard,MSI,1,True
2026-03-20,2,MB001,Motherboard,MSI,4,True
2026-03-21,2,MB001,Motherboard,MSI,3,True
2026-03-22,2,MB001,Motherboard,MSI,1,True
2026-03-23,2,MB001,Motherboard,MSI,1,True
2026-03-24,2,MB001,Motherboard,MSI,1,True
2026-03-25,2,MB001,Motherboard,MSI,2,True
2026-03-26,2,MB001,Motherboard,MSI,4,True
2026-03-27,2,MB001,Motherboard,MSI,2,True
2026-03-28,2,MB001,Motherboard,MSI,5,True
2026-03-29,2,MB001,Motherboard,MSI,2,True
2026-03-30,2,MB001,Motherboard,MSI,0,True
2026-03-31,2,MB001,Motherboard,MSI,1,True
2026-04-01,2,MB001,Motherboard,MSI,0,True
2026-04-02,2,MB001,Motherboard,MSI,2,True
2026-04-03,2,MB001,Motherboard,MSI,2,True
2026-04-04,2,MB001,Motherboard,MSI,0,True
2026-04-05,2,MB001,Motherboard,MSI,3,True
2026-04-06,2,MB001,Motherboard,MSI,1,True
2026-04-07,2,MB001,Motherboard,MSI,0,True
2026-04-08,2,MB001,Motherboard,MSI,2,True
2026-04-09,2,MB001,Motherboard,MSI,0,True
2026-04-10,2,MB001,Motherboard,MSI,2,True
2026-04-11,2,MB001,Motherboard,MSI,2,True
2026-04-12,2,MB001,Motherboard,MSI,3,True
2026-04-13,2,MB001,Motherboard,MSI,0,True
2026-04-14,2,MB001,Motherboard,MSI,0,True
2026-04-15,2,MB001,Motherboard,MSI,1,True
2026-04-16,2,MB001,Motherboard,MSI,1,True
2026-04-17,2,MB001,Motherboard,MSI,0,True
2026-04-18,2,MB001,Motherboard,MSI,1,True
2026-04-19,2,MB001,Motherboard,MSI,2,True
2026-04-20,2,MB001,Motherboard,MSI,1,True
2026-04-21,2,MB001,Motherboard,MSI,0,True
2026-04-22,2,MB001,Motherboard,MSI,0,True
2026-04-23,2,MB001,Motherboard,MSI,4,True
2026-04-24,2,MB001,Motherboard,MSI,0,True
2026-04-25,2,MB001,Motherboard,MSI,0,True
2026-04-26,2,MB001,Motherboard,MSI,0,True
2026-04-27,2,MB001,Motherboard,MSI,0,True
2026-04-28,2,MB001,Motherboard,MSI,0,True
2026-04-29,2,MB001,Motherboard,MSI,0,True
2026-04-30,2,MB001,Motherboard,MSI,3,True
2026-05-01,2,MB001,Motherboard,MSI,0,True
2026-05-02,2,MB001,Motherboard,MSI,1,True
2026-05-03,2,MB001,Motherboard,MSI,2,True
2026-05-04,2,MB001,Motherboard,MSI,2,True
2026-05-05,2,MB001,Motherboard,MSI,2,True
2026-05-06,2,MB001,Motherboard,MSI,0,True
2026-05-07,2,MB001,Motherboard,MSI,0,True
2026-05-08,2,MB001,Motherboard,MSI,1,True
2026-05-09,2,MB001,Motherboard,MSI,1,True
2026-05-10,2,MB001,Motherboard,MSI,1,True
2026-05-11,2,MB001,Motherboard,MSI,0,True
2026-05-12,2,MB001,Motherboard,MSI,0,True
2026-05-13,2,MB001,Motherboard,MSI,0,True
2026-05-14,2,MB001,Motherboard,MSI,0,True
2026-05-15,2,MB001,Motherboard,MSI,0,True
2026-05-16,2,MB001,Motherboard,MSI,1,True
2026-05-17,2,MB001,Motherboard,MSI,3,True
2026-05-18,2,MB001,Motherboard,MSI,0,True
2026-05-19,2,MB001,Motherboard,MSI,0,True
2026-05-20,2,MB001,Motherboard,MSI,0,True
2026-05-21,2,MB001,Motherboard,MSI,0,True
2026-05-22,2,MB001,Motherboard,MSI,2,True
2026-05-23,2,MB001,Motherboard,MSI,0,True
2026-05-24,2,MB001,Motherboard,MSI,1,True
2026-05-25,2,MB001,Motherboard,MSI,1,True
2026-05-26,2,MB001,Motherboard,MSI,0,True
2026-05-27,2,MB001,Motherboard,MSI,1,True
2026-05-28,2,MB001,Motherboard,MSI,1,True
2026-05-29,2,MB001,Motherboard,MSI,1,True
2026-05-30,2,MB001,Motherboard,MSI,0,True
2026-05-31,2,MB001,Motherboard,MSI,2,True
2026-06-01,2,MB001,Motherboard,MSI,1,True
2026-06-02,2,MB001,Motherboard,MSI,0,True
2026-06-03,2,MB001,Motherboard,MSI,1,True
2026-06-04,2,MB001,Motherboard,MSI,5,True
2026-06-05,2,MB001,Motherboard,MSI,2,True
2026-06-06,2,MB001,Motherboard,MSI,2,True
2026-06-07,2,MB001,Motherboard,MSI,1,True
2026-06-08,2,MB001,Motherboard,MSI,3,True
2026-06-09,2,MB001,Motherboard,MSI,0,True
2026-06-10,2,MB001,Motherboard,MSI,0,True
2026-06-11,2,MB001,Motherboard,MSI,1,True
2026-06-12,2,MB001,Motherboard,MSI,0,True
2026-06-13,2,MB001,Motherboard,MSI,1,True
2026-06-14,2,MB001,Motherboard,MSI,0,True
2026-06-15,2,MB001,Motherboard,MSI,0,True
2026-06-16,2,MB001,Motherboard,MSI,0,True
2026-06-17,2,MB001,Motherboard,MSI,1,True
2026-06-18,2,MB001,Motherboard,MSI,0,True
2026-06-19,2,MB001,Motherboard,MSI,0,True
2026-06-20,2,MB001,Motherboard,MSI,0,True
2026-06-21,2,MB001,Motherboard,MSI,0,True
2026-06-22,2,MB001,Motherboard,MSI,0,True
2026-06-23,2,MB001,Motherboard,MSI,2,True
2026-06-24,2,MB001,Motherboard,MSI,4,True
2026-06-25,2,MB001,Motherboard,MSI,1,True
2026-06-26,2,MB001,Motherboard,MSI,2,True
2026-06-27,2,MB001,Motherboard,MSI,1,True
2026-06-28,2,MB001,Motherboard,MSI,2,True
2026-06-29,2,MB001,Motherboard,MSI,1,True
2026-06-30,2,MB001,Motherboard,MSI,0,True
2026-07-01,2,MB001,Motherboard,MSI,1,True
2026-07-02,2,MB001,Motherboard,MSI,1,True
2026-07-03,2,MB001,Motherboard,MSI,0,True
2026-07-04,2,MB001,Motherboard,MSI,0,True
2026-07-05,2,MB001,Motherboard,MSI,0,True
2026-07-06,2,MB001,Motherboard,MSI,3,True
2026-07-07,2,MB001,Motherboard,MSI,0,True
2026-07-08,2,MB001,Motherboard,MSI,0,True
2026-07-09,2,MB001,Motherboard,MSI,1,True
2026-07-10,2,MB001,Motherboard,MSI,3,True
2026-07-11,2,MB001,Motherboard,MSI,0,True
2026-07-12,2,MB001,Motherboard,MSI,1,True
2026-07-13,2,MB001,Motherboard,MSI,2,True
2026-07-14,2,MB001,Motherboard,MSI,1,True
2026-07-15,2,MB001,Motherboard,MSI,1,True
2026-07-16,2,MB001,Motherboard,MSI,1,True
2026-07-17,2,MB001,Motherboard,MSI,2,True
2026-07-18,2,MB001,Motherboard,MSI,2,True
2026-07-19,2,MB001,Motherboard,MSI,0,True
2026-07-20,2,MB001,Motherboard,MSI,0,True
2026-07-21,2,MB001,Motherboard,MSI,1,True
2026-07-22,2,MB001,Motherboard,MSI,1,True
2026-07-23,2,MB001,Motherboard,MSI,0,True
2026-07-24,2,MB001,Motherboard,MSI,0,True
2026-07-25,2,MB001,Motherboard,MSI,2,True
2026-07-26,2,MB001,Motherboard,MSI,0,True
2026-07-27,2,MB001,Motherboard,MSI,1,True
2026-07-28,2,MB001,Motherboard,MSI,0,True
2026-07-29,2,MB001,Motherboard,MSI,2,True
2026-07-30,2,MB001,Motherboard,MSI,0,True
2026-07-31,2,MB001,Motherboard,MSI,3,True
2026-08-01,2,MB001,Motherboard,MSI,0,True
2026-08-02,2,MB001,Motherboard,MSI,2,True
2026-08-03,2,MB001,Motherboard,MSI,1,True
2026-08-04,2,MB001,Motherboard,MSI,2,True
2026-08-05,2,MB001,Motherboard,MSI,0,True
2026-08-06,2,MB001,Motherboard,MSI,0,True
2026-08-07,2,MB001,Motherboard,MSI,2,True
2026-08-08,2,MB001,Motherboard,MSI,3,True
2026-08-09,2,MB001,Motherboard,MSI,2,True
2026-08-10,2,MB001,Motherboard,MSI,0,True
2026-08-11,2,MB001,Motherboard,MSI,1,True
2026-08-12,2,MB001,Motherboard,MSI,0,True
2026-08-13,2,MB001,Motherboard,MSI,0,True
2026-08-14,2,MB001,Motherboard,MSI,0,True
2026-08-15,2,MB001,Motherboard,MSI,2,True
2026-08-16,2,MB001,Motherboard,MSI,1,True
2026-08-17,2,MB001,Motherboard,MSI,0,True
2026-08-18,2,MB001,Motherboard,MSI,0,True
2026-08-19,2,MB001,Motherboard,MSI,1,True
2026-08-20,2,MB001,Motherboard,MSI,0,True
2026-08-21,2,MB001,Motherboard,MSI,0,True
2026-08-22,2,MB001,Motherboard,MSI,0,True
2026-08-23,2,MB001,Motherboard,MSI,0,True
2026-08-24,2,MB001,Motherboard,MSI,1,True
2026-08-25,2,MB001,Motherboard,MSI,3,True
2026-08-26,2,MB001,Motherboard,MSI,2,True
2026-08-27,2,MB001,Motherboard,MSI,0,True
2026-08-28,2,MB001,Motherboard,MSI,1,True
2026-08-29,2,MB001,Motherboard,MSI,0,True
2026-08-30,2,MB001,Motherboard,MSI,0,True
2026-08-31,2,MB001,Motherboard,MSI,0,True
2025-03-01,3,RAM001,RAM,Kingston,0,True
2025-03-02,3,RAM001,RAM,Kingston,1,True
2025-03-03,3,RAM001,RAM,Kingston,0,True
2025-03-04,3,RAM001,RAM,Kingston,2,True
2025-03-05,3,RAM001,RAM,Kingston,1,True
2025-03-06,3,RAM001,RAM,Kingston,0,True
2025-03-07,3,RAM001,RAM,Kingston,5,True
2025-03-08,3,RAM001,RAM,Kingston,1,True
2025-03-09,3,RAM001,RAM,Kingston,1,True
2025-03-10,3,RAM001,RAM,Kingston,3,True
2025-03-11,3,RAM001,RAM,Kingston,0,True
2025-03-12,3,RAM001,RAM,Kingston,0,True
2025-03-13,3,RAM001,RAM,Kingston,1,True
2025-03-14,3,RAM001,RAM,Kingston,1,True
2025-03-15,3,RAM001,RAM,Kingston,1,True
2025-03-16,3,RAM001,RAM,Kingston,0,True
2025-03-17,3,RAM001,RAM,Kingston,1,True
2025-03-18,3,RAM001,RAM,Kingston,5,True
2025-03-19,3,RAM001,RAM,Kingston,1,True
2025-03-20,3,RAM001,RAM,Kingston,1,True
2025-03-21,3,RAM001,RAM,Kingston,2,True
2025-03-22,3,RAM001,RAM,Kingston,2,True
2025-03-23,3,RAM001,RAM,Kingston,1,True
2025-03-24,3,RAM001,RAM,Kingston,1,True
2025-03-25,3,RAM001,RAM,Kingston,3,True
2025-03-26,3,RAM001,RAM,Kingston,3,True
2025-03-27,3,RAM001,RAM,Kingston,2,True
2025-03-28,3,RAM001,RAM,Kingston,0,True
2025-03-29,3,RAM001,RAM,Kingston,3,True
2025-03-30,3,RAM001,RAM,Kingston,2,True
2025-03-31,3,RAM001,RAM,Kingston,2,True
2025-04-01,3,RAM001,RAM,Kingston,1,True
2025-04-02,3,RAM001,RAM,Kingston,2,True
2025-04-03,3,RAM001,RAM,Kingston,2,True
2025-04-04,3,RAM001,RAM,Kingston,0,True
2025-04-05,3,RAM001,RAM,Kingston,1,True
2025-04-06,3,RAM001,RAM,Kingston,2,True
2025-04-07,3,RAM001,RAM,Kingston,2,True
2025-04-08,3,RAM001,RAM,Kingston,2,True
2025-04-09,3,RAM001,RAM,Kingston,3,True
2025-04-10,3,RAM001,RAM,Kingston,3,True
2025-04-11,3,RAM001,RAM,Kingston,2,True
2025-04-12,3,RAM001,RAM,Kingston,4,True
2025-04-13,3,RAM001,RAM,Kingston,5,True
2025-04-14,3,RAM001,RAM,Kingston,1,True
2025-04-15,3,RAM001,RAM,Kingston,4,True
2025-04-16,3,RAM001,RAM,Kingston,1,True
2025-04-17,3,RAM001,RAM,Kingston,0,True
2025-04-18,3,RAM001,RAM,Kingston,2,True
2025-04-19,3,RAM001,RAM,Kingston,4,True
2025-04-20,3,RAM001,RAM,Kingston,1,True
2025-04-21,3,RAM001,RAM,Kingston,3,True
2025-04-22,3,RAM001,RAM,Kingston,2,True
2025-04-23,3,RAM001,RAM,Kingston,3,True
2025-04-24,3,RAM001,RAM,Kingston,5,True
2025-04-25,3,RAM001,RAM,Kingston,3,True
2025-04-26,3,RAM001,RAM,Kingston,0,True
2025-04-27,3,RAM001,RAM,Kingston,0,True
2025-04-28,3,RAM001,RAM,Kingston,2,True
2025-04-29,3,RAM001,RAM,Kingston,0,True
2025-04-30,3,RAM001,RAM,Kingston,1,True
2025-05-01,3,RAM001,RAM,Kingston,1,True
2025-05-02,3,RAM001,RAM,Kingston,2,True
2025-05-03,3,RAM001,RAM,Kingston,1,True
2025-05-04,3,RAM001,RAM,Kingston,2,True
2025-05-05,3,RAM001,RAM,Kingston,1,True
2025-05-06,3,RAM001,RAM,Kingston,3,True
2025-05-07,3,RAM001,RAM,Kingston,2,True
2025-05-08,3,RAM001,RAM,Kingston,1,True
2025-05-09,3,RAM001,RAM,Kingston,0,True
2025-05-10,3,RAM001,RAM,Kingston,1,True
2025-05-11,3,RAM001,RAM,Kingston,3,True
2025-05-12,3,RAM001,RAM,Kingston,3,True
2025-05-13,3,RAM001,RAM,Kingston,1,True
2025-05-14,3,RAM001,RAM,Kingston,2,True
2025-05-15,3,RAM001,RAM,Kingston,2,True
2025-05-16,3,RAM001,RAM,Kingston,2,True
2025-05-17,3,RAM001,RAM,Kingston,3,True
2025-05-18,3,RAM001,RAM,Kingston,5,True
2025-05-19,3,RAM001,RAM,Kingston,2,True
2025-05-20,3,RAM001,RAM,Kingston,3,True
2025-05-21,3,RAM001,RAM,Kingston,1,True
2025-05-22,3,RAM001,RAM,Kingston,0,True
2025-05-23,3,RAM001,RAM,Kingston,2,True
2025-05-24,3,RAM001,RAM,Kingston,0,True
2025-05-25,3,RAM001,RAM,Kingston,3,True
2025-05-26,3,RAM001,RAM,Kingston,3,True
2025-05-27,3,RAM001,RAM,Kingston,1,True
2025-05-28,3,RAM001,RAM,Kingston,3,True
2025-05-29,3,RAM001,RAM,Kingston,3,True
2025-05-30,3,RAM001,RAM,Kingston,5,True
2025-05-31,3,RAM001,RAM,Kingston,0,True
2025-06-01,3,RAM001,RAM,Kingston,1,True
2025-06-02,3,RAM001,RAM,Kingston,2,True
2025-06-03,3,RAM001,RAM,Kingston,0,True
2025-06-04,3,RAM001,RAM,Kingston,1,True
2025-06-05,3,RAM001,RAM,Kingston,0,True
2025-06-06,3,RAM001,RAM,Kingston,1,True
2025-06-07,3,RAM001,RAM,Kingston,1,True
2025-06-08,3,RAM001,RAM,Kingston,5,True
2025-06-09,3,RAM001,RAM,Kingston,1,True
2025-06-10,3,RAM001,RAM,Kingston,3,True
2025-06-11,3,RAM001,RAM,Kingston,1,True
2025-06-12,3,RAM001,RAM,Kingston,2,True
2025-06-13,3,RAM001,RAM,Kingston,1,True
2025-06-14,3,RAM001,RAM,Kingston,1,True
2025-06-15,3,RAM001,RAM,Kingston,1,True
2025-06-16,3,RAM001,RAM,Kingston,1,True
2025-06-17,3,RAM001,RAM,Kingston,0,True
2025-06-18,3,RAM001,RAM,Kingston,1,True
2025-06-19,3,RAM001,RAM,Kingston,3,True
2025-06-20,3,RAM001,RAM,Kingston,1,True
2025-06-21,3,RAM001,RAM,Kingston,2,True
2025-06-22,3,RAM001,RAM,Kingston,2,True
2025-06-23,3,RAM001,RAM,Kingston,2,True
2025-06-24,3,RAM001,RAM,Kingston,3,True
2025-06-25,3,RAM001,RAM,Kingston,1,True
2025-06-26,3,RAM001,RAM,Kingston,1,True
2025-06-27,3,RAM001,RAM,Kingston,4,True
2025-06-28,3,RAM001,RAM,Kingston,2,True
2025-06-29,3,RAM001,RAM,Kingston,1,True
2025-06-30,3,RAM001,RAM,Kingston,0,True
2025-07-01,3,RAM001,RAM,Kingston,4,True
2025-07-02,3,RAM001,RAM,Kingston,1,True
2025-07-03,3,RAM001,RAM,Kingston,0,True
2025-07-04,3,RAM001,RAM,Kingston,2,True
2025-07-05,3,RAM001,RAM,Kingston,2,True
2025-07-06,3,RAM001,RAM,Kingston,5,True
2025-07-07,3,RAM001,RAM,Kingston,1,True
2025-07-08,3,RAM001,RAM,Kingston,2,True
2025-07-09,3,RAM001,RAM,Kingston,1,True
2025-07-10,3,RAM001,RAM,Kingston,2,True
2025-07-11,3,RAM001,RAM,Kingston,2,True
2025-07-12,3,RAM001,RAM,Kingston,2,True
2025-07-13,3,RAM001,RAM,Kingston,4,True
2025-07-14,3,RAM001,RAM,Kingston,2,True
2025-07-15,3,RAM001,RAM,Kingston,4,True
2025-07-16,3,RAM001,RAM,Kingston,2,True
2025-07-17,3,RAM001,RAM,Kingston,1,True
2025-07-18,3,RAM001,RAM,Kingston,2,True
2025-07-19,3,RAM001,RAM,Kingston,1,True
2025-07-20,3,RAM001,RAM,Kingston,2,True
2025-07-21,3,RAM001,RAM,Kingston,0,True
2025-07-22,3,RAM001,RAM,Kingston,1,True
2025-07-23,3,RAM001,RAM,Kingston,2,True
2025-07-24,3,RAM001,RAM,Kingston,5,True
2025-07-25,3,RAM001,RAM,Kingston,3,True
2025-07-26,3,RAM001,RAM,Kingston,1,True
2025-07-27,3,RAM001,RAM,Kingston,2,True
2025-07-28,3,RAM001,RAM,Kingston,0,True
2025-07-29,3,RAM001,RAM,Kingston,2,True
2025-07-30,3,RAM001,RAM,Kingston,2,True
2025-07-31,3,RAM001,RAM,Kingston,1,True
2025-08-01,3,RAM001,RAM,Kingston,2,True
2025-08-02,3,RAM001,RAM,Kingston,0,True
2025-08-03,3,RAM001,RAM,Kingston,2,True
2025-08-04,3,RAM001,RAM,Kingston,1,True
2025-08-05,3,RAM001,RAM,Kingston,0,True
2025-08-06,3,RAM001,RAM,Kingston,2,True
2025-08-07,3,RAM001,RAM,Kingston,2,True
2025-08-08,3,RAM001,RAM,Kingston,0,True
2025-08-09,3,RAM001,RAM,Kingston,0,True
2025-08-10,3,RAM001,RAM,Kingston,7,True
2025-08-11,3,RAM001,RAM,Kingston,1,True
2025-08-12,3,RAM001,RAM,Kingston,1,True
2025-08-13,3,RAM001,RAM,Kingston,1,True
2025-08-14,3,RAM001,RAM,Kingston,4,True
2025-08-15,3,RAM001,RAM,Kingston,2,True
2025-08-16,3,RAM001,RAM,Kingston,4,True
2025-08-17,3,RAM001,RAM,Kingston,1,True
2025-08-18,3,RAM001,RAM,Kingston,2,True
2025-08-19,3,RAM001,RAM,Kingston,2,True
2025-08-20,3,RAM001,RAM,Kingston,2,True
2025-08-21,3,RAM001,RAM,Kingston,1,True
2025-08-22,3,RAM001,RAM,Kingston,2,True
2025-08-23,3,RAM001,RAM,Kingston,1,True
2025-08-24,3,RAM001,RAM,Kingston,1,True
2025-08-25,3,RAM001,RAM,Kingston,0,True
2025-08-26,3,RAM001,RAM,Kingston,3,True
2025-08-27,3,RAM001,RAM,Kingston,2,True
2025-08-28,3,RAM001,RAM,Kingston,3,True
2025-08-29,3,RAM001,RAM,Kingston,1,True
2025-08-30,3,RAM001,RAM,Kingston,1,True
2025-08-31,3,RAM001,RAM,Kingston,2,True
2025-09-01,3,RAM001,RAM,Kingston,1,True
2025-09-02,3,RAM001,RAM,Kingston,0,True
2025-09-03,3,RAM001,RAM,Kingston,1,True
2025-09-04,3,RAM001,RAM,Kingston,0,True
2025-09-05,3,RAM001,RAM,Kingston,2,True
2025-09-06,3,RAM001,RAM,Kingston,3,True
2025-09-07,3,RAM001,RAM,Kingston,3,True
2025-09-08,3,RAM001,RAM,Kingston,3,True
2025-09-09,3,RAM001,RAM,Kingston,4,True
2025-09-10,3,RAM001,RAM,Kingston,0,True
2025-09-11,3,RAM001,RAM,Kingston,0,True
2025-09-12,3,RAM001,RAM,Kingston,1,True
2025-09-13,3,RAM001,RAM,Kingston,2,True
2025-09-14,3,RAM001,RAM,Kingston,1,True
2025-09-15,3,RAM001,RAM,Kingston,1,True
2025-09-16,3,RAM001,RAM,Kingston,1,True
2025-09-17,3,RAM001,RAM,Kingston,0,True
2025-09-18,3,RAM001,RAM,Kingston,2,True
2025-09-19,3,RAM001,RAM,Kingston,2,True
2025-09-20,3,RAM001,RAM,Kingston,3,True
2025-09-21,3,RAM001,RAM,Kingston,1,True
2025-09-22,3,RAM001,RAM,Kingston,2,True
2025-09-23,3,RAM001,RAM,Kingston,3,True
2025-09-24,3,RAM001,RAM,Kingston,2,True
2025-09-25,3,RAM001,RAM,Kingston,3,True
2025-09-26,3,RAM001,RAM,Kingston,3,True
2025-09-27,3,RAM001,RAM,Kingston,2,True
2025-09-28,3,RAM001,RAM,Kingston,3,True
2025-09-29,3,RAM001,RAM,Kingston,0,True
2025-09-30,3,RAM001,RAM,Kingston,1,True
2025-10-01,3,RAM001,RAM,Kingston,4,True
2025-10-02,3,RAM001,RAM,Kingston,3,True
2025-10-03,3,RAM001,RAM,Kingston,1,True
2025-10-04,3,RAM001,RAM,Kingston,2,True
2025-10-05,3,RAM001,RAM,Kingston,3,True
2025-10-06,3,RAM001,RAM,Kingston,0,True
2025-10-07,3,RAM001,RAM,Kingston,3,True
2025-10-08,3,RAM001,RAM,Kingston,3,True
2025-10-09,3,RAM001,RAM,Kingston,1,True
2025-10-10,3,RAM001,RAM,Kingston,2,True
2025-10-11,3,RAM001,RAM,Kingston,2,True
2025-10-12,3,RAM001,RAM,Kingston,1,True
2025-10-13,3,RAM001,RAM,Kingston,3,True
2025-10-14,3,RAM001,RAM,Kingston,4,True
2025-10-15,3,RAM001,RAM,Kingston,2,True
2025-10-16,3,RAM001,RAM,Kingston,1,True
2025-10-17,3,RAM001,RAM,Kingston,1,True
2025-10-18,3,RAM001,RAM,Kingston,1,True
2025-10-19,3,RAM001,RAM,Kingston,0,True
2025-10-20,3,RAM001,RAM,Kingston,3,True
2025-10-21,3,RAM001,RAM,Kingston,2,True
2025-10-22,3,RAM001,RAM,Kingston,1,True
2025-10-23,3,RAM001,RAM,Kingston,1,True
2025-10-24,3,RAM001,RAM,Kingston,1,True
2025-10-25,3,RAM001,RAM,Kingston,3,True
2025-10-26,3,RAM001,RAM,Kingston,1,True
2025-10-27,3,RAM001,RAM,Kingston,2,True
2025-10-28,3,RAM001,RAM,Kingston,1,True
2025-10-29,3,RAM001,RAM,Kingston,2,True
2025-10-30,3,RAM001,RAM,Kingston,1,True
2025-10-31,3,RAM001,RAM,Kingston,1,True
2025-11-01,3,RAM001,RAM,Kingston,3,True
2025-11-02,3,RAM001,RAM,Kingston,4,True
2025-11-03,3,RAM001,RAM,Kingston,1,True
2025-11-04,3,RAM001,RAM,Kingston,2,True
2025-11-05,3,RAM001,RAM,Kingston,4,True
2025-11-06,3,RAM001,RAM,Kingston,2,True
2025-11-07,3,RAM001,RAM,Kingston,1,True
2025-11-08,3,RAM001,RAM,Kingston,3,True
2025-11-09,3,RAM001,RAM,Kingston,1,True
2025-11-10,3,RAM001,RAM,Kingston,2,True
2025-11-11,3,RAM001,RAM,Kingston,0,True
2025-11-12,3,RAM001,RAM,Kingston,5,True
2025-11-13,3,RAM001,RAM,Kingston,2,True
2025-11-14,3,RAM001,RAM,Kingston,1,True
2025-11-15,3,RAM001,RAM,Kingston,1,True
2025-11-16,3,RAM001,RAM,Kingston,1,True
2025-11-17,3,RAM001,RAM,Kingston,3,True
2025-11-18,3,RAM001,RAM,Kingston,2,True
2025-11-19,3,RAM001,RAM,Kingston,3,True
2025-11-20,3,RAM001,RAM,Kingston,3,True
2025-11-21,3,RAM001,RAM,Kingston,1,True
2025-11-22,3,RAM001,RAM,Kingston,1,True
2025-11-23,3,RAM001,RAM,Kingston,4,True
2025-11-24,3,RAM001,RAM,Kingston,1,True
2025-11-25,3,RAM001,RAM,Kingston,1,True
2025-11-26,3,RAM001,RAM,Kingston,1,True
2025-11-27,3,RAM001,RAM,Kingston,4,True
2025-11-28,3,RAM001,RAM,Kingston,1,True
2025-11-29,3,RAM001,RAM,Kingston,1,True
2025-11-30,3,RAM001,RAM,Kingston,3,True
2025-12-01,3,RAM001,RAM,Kingston,4,True
2025-12-02,3,RAM001,RAM,Kingston,2,True
2025-12-03,3,RAM001,RAM,Kingston,2,True
2025-12-04,3,RAM001,RAM,Kingston,1,True
2025-12-05,3,RAM001,RAM,Kingston,1,True
2025-12-06,3,RAM001,RAM,Kingston,1,True
2025-12-07,3,RAM001,RAM,Kingston,2,True
2025-12-08,3,RAM001,RAM,Kingston,1,True
2025-12-09,3,RAM001,RAM,Kingston,0,True
2025-12-10,3,RAM001,RAM,Kingston,1,True
2025-12-11,3,RAM001,RAM,Kingston,1,True
2025-12-12,3,RAM001,RAM,Kingston,1,True
2025-12-13,3,RAM001,RAM,Kingston,3,True
2025-12-14,3,RAM001,RAM,Kingston,2,True
2025-12-15,3,RAM001,RAM,Kingston,2,True
2025-12-16,3,RAM001,RAM,Kingston,0,True
2025-12-17,3,RAM001,RAM,Kingston,1,True
2025-12-18,3,RAM001,RAM,Kingston,1,True
2025-12-19,3,RAM001,RAM,Kingston,2,True
2025-12-20,3,RAM001,RAM,Kingston,1,True
2025-12-21,3,RAM001,RAM,Kingston,1,True
2025-12-22,3,RAM001,RAM,Kingston,4,True
2025-12-23,3,RAM001,RAM,Kingston,1,True
2025-12-24,3,RAM001,RAM,Kingston,2,True
2025-12-25,3,RAM001,RAM,Kingston,2,True
2025-12-26,3,RAM001,RAM,Kingston,2,True
2025-12-27,3,RAM001,RAM,Kingston,2,True
2025-12-28,3,RAM001,RAM,Kingston,2,True
2025-12-29,3,RAM001,RAM,Kingston,1,True
2025-12-30,3,RAM001,RAM,Kingston,3,True
2025-12-31,3,RAM001,RAM,Kingston,1,True
2026-01-01,3,RAM001,RAM,Kingston,1,True
2026-01-02,3,RAM001,RAM,Kingston,0,True
2026-01-03,3,RAM001,RAM,Kingston,2,True
2026-01-04,3,RAM001,RAM,Kingston,3,True
2026-01-05,3,RAM001,RAM,Kingston,1,True
2026-01-06,3,RAM001,RAM,Kingston,1,True
2026-01-07,3,RAM001,RAM,Kingston,0,True
2026-01-08,3,RAM001,RAM,Kingston,2,True
2026-01-09,3,RAM001,RAM,Kingston,1,True
2026-01-10,3,RAM001,RAM,Kingston,2,True
2026-01-11,3,RAM001,RAM,Kingston,0,True
2026-01-12,3,RAM001,RAM,Kingston,3,True
2026-01-13,3,RAM001,RAM,Kingston,0,True
2026-01-14,3,RAM001,RAM,Kingston,0,True
2026-01-15,3,RAM001,RAM,Kingston,3,True
2026-01-16,3,RAM001,RAM,Kingston,1,True
2026-01-17,3,RAM001,RAM,Kingston,3,True
2026-01-18,3,RAM001,RAM,Kingston,4,True
2026-01-19,3,RAM001,RAM,Kingston,1,True
2026-01-20,3,RAM001,RAM,Kingston,0,True
2026-01-21,3,RAM001,RAM,Kingston,0,True
2026-01-22,3,RAM001,RAM,Kingston,0,True
2026-01-23,3,RAM001,RAM,Kingston,0,True
2026-01-24,3,RAM001,RAM,Kingston,1,True
2026-01-25,3,RAM001,RAM,Kingston,2,True
2026-01-26,3,RAM001,RAM,Kingston,0,True
2026-01-27,3,RAM001,RAM,Kingston,0,True
2026-01-28,3,RAM001,RAM,Kingston,1,True
2026-01-29,3,RAM001,RAM,Kingston,1,True
2026-01-30,3,RAM001,RAM,Kingston,0,True
2026-01-31,3,RAM001,RAM,Kingston,1,True
2026-02-01,3,RAM001,RAM,Kingston,1,True
2026-02-02,3,RAM001,RAM,Kingston,1,True
2026-02-03,3,RAM001,RAM,Kingston,1,True
2026-02-04,3,RAM001,RAM,Kingston,1,True
2026-02-05,3,RAM001,RAM,Kingston,2,True
2026-02-06,3,RAM001,RAM,Kingston,0,True
2026-02-07,3,RAM001,RAM,Kingston,1,True
2026-02-08,3,RAM001,RAM,Kingston,4,True
2026-02-09,3,RAM001,RAM,Kingston,0,True
2026-02-10,3,RAM001,RAM,Kingston,1,True
2026-02-11,3,RAM001,RAM,Kingston,1,True
2026-02-12,3,RAM001,RAM,Kingston,6,True
2026-02-13,3,RAM001,RAM,Kingston,3,True
2026-02-14,3,RAM001,RAM,Kingston,3,True
2026-02-15,3,RAM001,RAM,Kingston,0,True
2026-02-16,3,RAM001,RAM,Kingston,1,True
2026-02-17,3,RAM001,RAM,Kingston,1,True
2026-02-18,3,RAM001,RAM,Kingston,4,True
2026-02-19,3,RAM001,RAM,Kingston,0,True
2026-02-20,3,RAM001,RAM,Kingston,5,True
2026-02-21,3,RAM001,RAM,Kingston,1,True
2026-02-22,3,RAM001,RAM,Kingston,2,True
2026-02-23,3,RAM001,RAM,Kingston,0,True
2026-02-24,3,RAM001,RAM,Kingston,1,True
2026-02-25,3,RAM001,RAM,Kingston,2,True
2026-02-26,3,RAM001,RAM,Kingston,0,True
2026-02-27,3,RAM001,RAM,Kingston,2,True
2026-02-28,3,RAM001,RAM,Kingston,1,True
2026-03-01,3,RAM001,RAM,Kingston,3,True
2026-03-02,3,RAM001,RAM,Kingston,1,True
2026-03-03,3,RAM001,RAM,Kingston,2,True
2026-03-04,3,RAM001,RAM,Kingston,3,True
2026-03-05,3,RAM001,RAM,Kingston,5,True
2026-03-06,3,RAM001,RAM,Kingston,2,True
2026-03-07,3,RAM001,RAM,Kingston,0,True
2026-03-08,3,RAM001,RAM,Kingston,5,True
2026-03-09,3,RAM001,RAM,Kingston,1,True
2026-03-10,3,RAM001,RAM,Kingston,2,True
2026-03-11,3,RAM001,RAM,Kingston,0,True
2026-03-12,3,RAM001,RAM,Kingston,1,True
2026-03-13,3,RAM001,RAM,Kingston,0,True
2026-03-14,3,RAM001,RAM,Kingston,1,True
2026-03-15,3,RAM001,RAM,Kingston,3,True
2026-03-16,3,RAM001,RAM,Kingston,1,True
2026-03-17,3,RAM001,RAM,Kingston,1,True
2026-03-18,3,RAM001,RAM,Kingston,0,True
2026-03-19,3,RAM001,RAM,Kingston,0,True
2026-03-20,3,RAM001,RAM,Kingston,0,True
2026-03-21,3,RAM001,RAM,Kingston,2,True
2026-03-22,3,RAM001,RAM,Kingston,2,True
2026-03-23,3,RAM001,RAM,Kingston,0,True
2026-03-24,3,RAM001,RAM,Kingston,1,True
2026-03-25,3,RAM001,RAM,Kingston,0,True
2026-03-26,3,RAM001,RAM,Kingston,9,True
2026-03-27,3,RAM001,RAM,Kingston,3,True
2026-03-28,3,RAM001,RAM,Kingston,2,True
2026-03-29,3,RAM001,RAM,Kingston,4,True
2026-03-30,3,RAM001,RAM,Kingston,6,True
2026-03-31,3,RAM001,RAM,Kingston,0,True
2026-04-01,3,RAM001,RAM,Kingston,0,True
2026-04-02,3,RAM001,RAM,Kingston,1,True
2026-04-03,3,RAM001,RAM,Kingston,1,True
2026-04-04,3,RAM001,RAM,Kingston,1,True
2026-04-05,3,RAM001,RAM,Kingston,0,True
2026-04-06,3,RAM001,RAM,Kingston,0,True
2026-04-07,3,RAM001,RAM,Kingston,1,True
2026-04-08,3,RAM001,RAM,Kingston,1,True
2026-04-09,3,RAM001,RAM,Kingston,6,True
2026-04-10,3,RAM001,RAM,Kingston,2,True
2026-04-11,3,RAM001,RAM,Kingston,1,True
2026-04-12,3,RAM001,RAM,Kingston,2,True
2026-04-13,3,RAM001,RAM,Kingston,1,True
2026-04-14,3,RAM001,RAM,Kingston,0,True
2026-04-15,3,RAM001,RAM,Kingston,2,True
2026-04-16,3,RAM001,RAM,Kingston,2,True
2026-04-17,3,RAM001,RAM,Kingston,1,True
2026-04-18,3,RAM001,RAM,Kingston,2,True
2026-04-19,3,RAM001,RAM,Kingston,2,True
2026-04-20,3,RAM001,RAM,Kingston,1,True
2026-04-21,3,RAM001,RAM,Kingston,1,True
2026-04-22,3,RAM001,RAM,Kingston,3,True
2026-04-23,3,RAM001,RAM,Kingston,2,True
2026-04-24,3,RAM001,RAM,Kingston,1,True
2026-04-25,3,RAM001,RAM,Kingston,3,True
2026-04-26,3,RAM001,RAM,Kingston,4,True
2026-04-27,3,RAM001,RAM,Kingston,1,True
2026-04-28,3,RAM001,RAM,Kingston,2,True
2026-04-29,3,RAM001,RAM,Kingston,0,True
2026-04-30,3,RAM001,RAM,Kingston,1,True
2026-05-01,3,RAM001,RAM,Kingston,2,True
2026-05-02,3,RAM001,RAM,Kingston,2,True
2026-05-03,3,RAM001,RAM,Kingston,2,True
2026-05-04,3,RAM001,RAM,Kingston,5,True
2026-05-05,3,RAM001,RAM,Kingston,4,True
2026-05-06,3,RAM001,RAM,Kingston,8,True
2026-05-07,3,RAM001,RAM,Kingston,1,True
2026-05-08,3,RAM001,RAM,Kingston,3,True
2026-05-09,3,RAM001,RAM,Kingston,2,True
2026-05-10,3,RAM001,RAM,Kingston,2,True
2026-05-11,3,RAM001,RAM,Kingston,3,True
2026-05-12,3,RAM001,RAM,Kingston,5,True
2026-05-13,3,RAM001,RAM,Kingston,1,True
2026-05-14,3,RAM001,RAM,Kingston,1,True
2026-05-15,3,RAM001,RAM,Kingston,2,True
2026-05-16,3,RAM001,RAM,Kingston,3,True
2026-05-17,3,RAM001,RAM,Kingston,1,True
2026-05-18,3,RAM001,RAM,Kingston,0,True
2026-05-19,3,RAM001,RAM,Kingston,0,True
2026-05-20,3,RAM001,RAM,Kingston,2,True
2026-05-21,3,RAM001,RAM,Kingston,2,True
2026-05-22,3,RAM001,RAM,Kingston,2,True
2026-05-23,3,RAM001,RAM,Kingston,0,True
2026-05-24,3,RAM001,RAM,Kingston,3,True
2026-05-25,3,RAM001,RAM,Kingston,3,True
2026-05-26,3,RAM001,RAM,Kingston,1,True
2026-05-27,3,RAM001,RAM,Kingston,3,True
2026-05-28,3,RAM001,RAM,Kingston,2,True
2026-05-29,3,RAM001,RAM,Kingston,2,True
2026-05-30,3,RAM001,RAM,Kingston,0,True
2026-05-31,3,RAM001,RAM,Kingston,3,True
2026-06-01,3,RAM001,RAM,Kingston,1,True
2026-06-02,3,RAM001,RAM,Kingston,0,True
2026-06-03,3,RAM001,RAM,Kingston,2,True
2026-06-04,3,RAM001,RAM,Kingston,1,True
2026-06-05,3,RAM001,RAM,Kingston,4,True
2026-06-06,3,RAM001,RAM,Kingston,2,True
2026-06-07,3,RAM001,RAM,Kingston,1,True
2026-06-08,3,RAM001,RAM,Kingston,4,True
2026-06-09,3,RAM001,RAM,Kingston,1,True
2026-06-10,3,RAM001,RAM,Kingston,2,True
2026-06-11,3,RAM001,RAM,Kingston,3,True
2026-06-12,3,RAM001,RAM,Kingston,4,True
2026-06-13,3,RAM001,RAM,Kingston,3,True
2026-06-14,3,RAM001,RAM,Kingston,2,True
2026-06-15,3,RAM001,RAM,Kingston,0,True
2026-06-16,3,RAM001,RAM,Kingston,1,True
2026-06-17,3,RAM001,RAM,Kingston,4,True
2026-06-18,3,RAM001,RAM,Kingston,2,True
2026-06-19,3,RAM001,RAM,Kingston,2,True
2026-06-20,3,RAM001,RAM,Kingston,0,True
2026-06-21,3,RAM001,RAM,Kingston,2,True
2026-06-22,3,RAM001,RAM,Kingston,3,True
2026-06-23,3,RAM001,RAM,Kingston,5,True
2026-06-24,3,RAM001,RAM,Kingston,0,True
2026-06-25,3,RAM001,RAM,Kingston,4,True
2026-06-26,3,RAM001,RAM,Kingston,3,True
2026-06-27,3,RAM001,RAM,Kingston,2,True
2026-06-28,3,RAM001,RAM,Kingston,1,True
2026-06-29,3,RAM001,RAM,Kingston,3,True
2026-06-30,3,RAM001,RAM,Kingston,1,True
2026-07-01,3,RAM001,RAM,Kingston,2,True
2026-07-02,3,RAM001,RAM,Kingston,0,True
2026-07-03,3,RAM001,RAM,Kingston,1,True
2026-07-04,3,RAM001,RAM,Kingston,2,True
2026-07-05,3,RAM001,RAM,Kingston,1,True
2026-07-06,3,RAM001,RAM,Kingston,2,True
2026-07-07,3,RAM001,RAM,Kingston,1,True
2026-07-08,3,RAM001,RAM,Kingston,3,True
2026-07-09,3,RAM001,RAM,Kingston,3,True
2026-07-10,3,RAM001,RAM,Kingston,0,True
2026-07-11,3,RAM001,RAM,Kingston,3,True
2026-07-12,3,RAM001,RAM,Kingston,0,True
2026-07-13,3,RAM001,RAM,Kingston,2,True
2026-07-14,3,RAM001,RAM,Kingston,1,True
2026-07-15,3,RAM001,RAM,Kingston,2,True
2026-07-16,3,RAM001,RAM,Kingston,0,True
2026-07-17,3,RAM001,RAM,Kingston,1,True
2026-07-18,3,RAM001,RAM,Kingston,1,True
2026-07-19,3,RAM001,RAM,Kingston,3,True
2026-07-20,3,RAM001,RAM,Kingston,0,True
2026-07-21,3,RAM001,RAM,Kingston,0,True
2026-07-22,3,RAM001,RAM,Kingston,3,True
2026-07-23,3,RAM001,RAM,Kingston,0,True
2026-07-24,3,RAM001,RAM,Kingston,1,True
2026-07-25,3,RAM001,RAM,Kingston,0,True
2026-07-26,3,RAM001,RAM,Kingston,5,True
2026-07-27,3,RAM001,RAM,Kingston,1,True
2026-07-28,3,RAM001,RAM,Kingston,1,True
2026-07-29,3,RAM001,RAM,Kingston,7,True
2026-07-30,3,RAM001,RAM,Kingston,3,True
2026-07-31,3,RAM001,RAM,Kingston,1,True
2026-08-01,3,RAM001,RAM,Kingston,2,True
2026-08-02,3,RAM001,RAM,Kingston,4,True
2026-08-03,3,RAM001,RAM,Kingston,0,True
2026-08-04,3,RAM001,RAM,Kingston,0,True
2026-08-05,3,RAM001,RAM,Kingston,2,True
2026-08-06,3,RAM001,RAM,Kingston,1,True
2026-08-07,3,RAM001,RAM,Kingston,2,True
2026-08-08,3,RAM001,RAM,Kingston,1,True
2026-08-09,3,RAM001,RAM,Kingston,2,True
2026-08-10,3,RAM001,RAM,Kingston,2,True
2026-08-11,3,RAM001,RAM,Kingston,1,True
2026-08-12,3,RAM001,RAM,Kingston,3,True
2026-08-13,3,RAM001,RAM,Kingston,0,True
2026-08-14,3,RAM001,RAM,Kingston,3,True
2026-08-15,3,RAM001,RAM,Kingston,1,True
2026-08-16,3,RAM001,RAM,Kingston,2,True
2026-08-17,3,RAM001,RAM,Kingston,4,True
2026-08-18,3,RAM001,RAM,Kingston,3,True
2026-08-19,3,RAM001,RAM,Kingston,0,True
2026-08-20,3,RAM001,RAM,Kingston,5,True
2026-08-21,3,RAM001,RAM,Kingston,0,True
2026-08-22,3,RAM001,RAM,Kingston,0,True
2026-08-23,3,RAM001,RAM,Kingston,1,True
2026-08-24,3,RAM001,RAM,Kingston,3,True
2026-08-25,3,RAM001,RAM,Kingston,2,True
2026-08-26,3,RAM001,RAM,Kingston,2,True
2026-08-27,3,RAM001,RAM,Kingston,0,True
2026-08-28,3,RAM001,RAM,Kingston,4,True
2026-08-29,3,RAM001,RAM,Kingston,1,True
2026-08-30,3,RAM001,RAM,Kingston,3,True
2026-08-31,3,RAM001,RAM,Kingston,1,True
2025-03-01,4,GPU001,GPU,ASUS,2,True
2025-03-02,4,GPU001,GPU,ASUS,0,True
2025-03-03,4,GPU001,GPU,ASUS,2,True
2025-03-04,4,GPU001,GPU,ASUS,0,True
2025-03-05,4,GPU001,GPU,ASUS,0,True
2025-03-06,4,GPU001,GPU,ASUS,1,True
2025-03-07,4,GPU001,GPU,ASUS,0,True
2025-03-08,4,GPU001,GPU,ASUS,1,True
2025-03-09,4,GPU001,GPU,ASUS,0,True
2025-03-10,4,GPU001,GPU,ASUS,1,True
2025-03-11,4,GPU001,GPU,ASUS,0,True
2025-03-12,4,GPU001,GPU,ASUS,0,True
2025-03-13,4,GPU001,GPU,ASUS,1,True
2025-03-14,4,GPU001,GPU,ASUS,1,True
2025-03-15,4,GPU001,GPU,ASUS,0,True
2025-03-16,4,GPU001,GPU,ASUS,0,True
2025-03-17,4,GPU001,GPU,ASUS,1,True
2025-03-18,4,GPU001,GPU,ASUS,0,True
2025-03-19,4,GPU001,GPU,ASUS,1,True
2025-03-20,4,GPU001,GPU,ASUS,1,True
2025-03-21,4,GPU001,GPU,ASUS,1,True
2025-03-22,4,GPU001,GPU,ASUS,1,True
2025-03-23,4,GPU001,GPU,ASUS,1,True
2025-03-24,4,GPU001,GPU,ASUS,0,True
2025-03-25,4,GPU001,GPU,ASUS,0,True
2025-03-26,4,GPU001,GPU,ASUS,0,True
2025-03-27,4,GPU001,GPU,ASUS,1,True
2025-03-28,4,GPU001,GPU,ASUS,0,True
2025-03-29,4,GPU001,GPU,ASUS,0,True
2025-03-30,4,GPU001,GPU,ASUS,0,True
2025-03-31,4,GPU001,GPU,ASUS,0,True
2025-04-01,4,GPU001,GPU,ASUS,0,True
2025-04-02,4,GPU001,GPU,ASUS,1,True
2025-04-03,4,GPU001,GPU,ASUS,0,True
2025-04-04,4,GPU001,GPU,ASUS,1,True
2025-04-05,4,GPU001,GPU,ASUS,1,True
2025-04-06,4,GPU001,GPU,ASUS,0,True
2025-04-07,4,GPU001,GPU,ASUS,1,True
2025-04-08,4,GPU001,GPU,ASUS,0,True
2025-04-09,4,GPU001,GPU,ASUS,2,True
2025-04-10,4,GPU001,GPU,ASUS,0,True
2025-04-11,4,GPU001,GPU,ASUS,0,True
2025-04-12,4,GPU001,GPU,ASUS,3,True
2025-04-13,4,GPU001,GPU,ASUS,2,True
2025-04-14,4,GPU001,GPU,ASUS,0,True
2025-04-15,4,GPU001,GPU,ASUS,2,True
2025-04-16,4,GPU001,GPU,ASUS,0,True
2025-04-17,4,GPU001,GPU,ASUS,2,True
2025-04-18,4,GPU001,GPU,ASUS,0,True
2025-04-19,4,GPU001,GPU,ASUS,2,True
2025-04-20,4,GPU001,GPU,ASUS,2,True
2025-04-21,4,GPU001,GPU,ASUS,2,True
2025-04-22,4,GPU001,GPU,ASUS,1,True
2025-04-23,4,GPU001,GPU,ASUS,1,True
2025-04-24,4,GPU001,GPU,ASUS,2,True
2025-04-25,4,GPU001,GPU,ASUS,0,True
2025-04-26,4,GPU001,GPU,ASUS,1,True
2025-04-27,4,GPU001,GPU,ASUS,0,True
2025-04-28,4,GPU001,GPU,ASUS,0,True
2025-04-29,4,GPU001,GPU,ASUS,0,True
2025-04-30,4,GPU001,GPU,ASUS,0,True
2025-05-01,4,GPU001,GPU,ASUS,1,True
2025-05-02,4,GPU001,GPU,ASUS,0,True
2025-05-03,4,GPU001,GPU,ASUS,0,True
2025-05-04,4,GPU001,GPU,ASUS,0,True
2025-05-05,4,GPU001,GPU,ASUS,0,True
2025-05-06,4,GPU001,GPU,ASUS,0,True
2025-05-07,4,GPU001,GPU,ASUS,0,True
2025-05-08,4,GPU001,GPU,ASUS,1,True
2025-05-09,4,GPU001,GPU,ASUS,0,True
2025-05-10,4,GPU001,GPU,ASUS,0,True
2025-05-11,4,GPU001,GPU,ASUS,2,True
2025-05-12,4,GPU001,GPU,ASUS,0,True
2025-05-13,4,GPU001,GPU,ASUS,0,True
2025-05-14,4,GPU001,GPU,ASUS,3,True
2025-05-15,4,GPU001,GPU,ASUS,0,True
2025-05-16,4,GPU001,GPU,ASUS,0,True
2025-05-17,4,GPU001,GPU,ASUS,2,True
2025-05-18,4,GPU001,GPU,ASUS,0,True
2025-05-19,4,GPU001,GPU,ASUS,0,True
2025-05-20,4,GPU001,GPU,ASUS,1,True
2025-05-21,4,GPU001,GPU,ASUS,0,True
2025-05-22,4,GPU001,GPU,ASUS,0,True
2025-05-23,4,GPU001,GPU,ASUS,0,True
2025-05-24,4,GPU001,GPU,ASUS,1,True
2025-05-25,4,GPU001,GPU,ASUS,1,True
2025-05-26,4,GPU001,GPU,ASUS,1,True
2025-05-27,4,GPU001,GPU,ASUS,0,True
2025-05-28,4,GPU001,GPU,ASUS,0,True
2025-05-29,4,GPU001,GPU,ASUS,1,True
2025-05-30,4,GPU001,GPU,ASUS,0,True
2025-05-31,4,GPU001,GPU,ASUS,4,True
2025-06-01,4,GPU001,GPU,ASUS,2,True
2025-06-02,4,GPU001,GPU,ASUS,0,True
2025-06-03,4,GPU001,GPU,ASUS,1,True
2025-06-04,4,GPU001,GPU,ASUS,0,True
2025-06-05,4,GPU001,GPU,ASUS,1,True
2025-06-06,4,GPU001,GPU,ASUS,0,True
2025-06-07,4,GPU001,GPU,ASUS,1,True
2025-06-08,4,GPU001,GPU,ASUS,1,True
2025-06-09,4,GPU001,GPU,ASUS,1,True
2025-06-10,4,GPU001,GPU,ASUS,0,True
2025-06-11,4,GPU001,GPU,ASUS,0,True
2025-06-12,4,GPU001,GPU,ASUS,0,True
2025-06-13,4,GPU001,GPU,ASUS,1,True
2025-06-14,4,GPU001,GPU,ASUS,1,True
2025-06-15,4,GPU001,GPU,ASUS,1,True
2025-06-16,4,GPU001,GPU,ASUS,0,True
2025-06-17,4,GPU001,GPU,ASUS,0,True
2025-06-18,4,GPU001,GPU,ASUS,3,True
2025-06-19,4,GPU001,GPU,ASUS,2,True
2025-06-20,4,GPU001,GPU,ASUS,3,True
2025-06-21,4,GPU001,GPU,ASUS,0,True
2025-06-22,4,GPU001,GPU,ASUS,0,True
2025-06-23,4,GPU001,GPU,ASUS,1,True
2025-06-24,4,GPU001,GPU,ASUS,1,True
2025-06-25,4,GPU001,GPU,ASUS,1,True
2025-06-26,4,GPU001,GPU,ASUS,0,True
2025-06-27,4,GPU001,GPU,ASUS,2,True
2025-06-28,4,GPU001,GPU,ASUS,1,True
2025-06-29,4,GPU001,GPU,ASUS,0,True
2025-06-30,4,GPU001,GPU,ASUS,0,True
2025-07-01,4,GPU001,GPU,ASUS,2,True
2025-07-02,4,GPU001,GPU,ASUS,0,True
2025-07-03,4,GPU001,GPU,ASUS,0,True
2025-07-04,4,GPU001,GPU,ASUS,1,True
2025-07-05,4,GPU001,GPU,ASUS,1,True
2025-07-06,4,GPU001,GPU,ASUS,2,True
2025-07-07,4,GPU001,GPU,ASUS,1,True
2025-07-08,4,GPU001,GPU,ASUS,1,True
2025-07-09,4,GPU001,GPU,ASUS,2,True
2025-07-10,4,GPU001,GPU,ASUS,0,True
2025-07-11,4,GPU001,GPU,ASUS,1,True
2025-07-12,4,GPU001,GPU,ASUS,1,True
2025-07-13,4,GPU001,GPU,ASUS,0,True
2025-07-14,4,GPU001,GPU,ASUS,1,True
2025-07-15,4,GPU001,GPU,ASUS,2,True
2025-07-16,4,GPU001,GPU,ASUS,0,True
2025-07-17,4,GPU001,GPU,ASUS,0,True
2025-07-18,4,GPU001,GPU,ASUS,0,True
2025-07-19,4,GPU001,GPU,ASUS,0,True
2025-07-20,4,GPU001,GPU,ASUS,1,True
2025-07-21,4,GPU001,GPU,ASUS,0,True
2025-07-22,4,GPU001,GPU,ASUS,1,True
2025-07-23,4,GPU001,GPU,ASUS,2,True
2025-07-24,4,GPU001,GPU,ASUS,1,True
2025-07-25,4,GPU001,GPU,ASUS,1,True
2025-07-26,4,GPU001,GPU,ASUS,1,True
2025-07-27,4,GPU001,GPU,ASUS,1,True
2025-07-28,4,GPU001,GPU,ASUS,1,True
2025-07-29,4,GPU001,GPU,ASUS,2,True
2025-07-30,4,GPU001,GPU,ASUS,1,True
2025-07-31,4,GPU001,GPU,ASUS,2,True
2025-08-01,4,GPU001,GPU,ASUS,2,True
2025-08-02,4,GPU001,GPU,ASUS,1,True
2025-08-03,4,GPU001,GPU,ASUS,0,True
2025-08-04,4,GPU001,GPU,ASUS,1,True
2025-08-05,4,GPU001,GPU,ASUS,2,True
2025-08-06,4,GPU001,GPU,ASUS,0,True
2025-08-07,4,GPU001,GPU,ASUS,0,True
2025-08-08,4,GPU001,GPU,ASUS,1,True
2025-08-09,4,GPU001,GPU,ASUS,0,True
2025-08-10,4,GPU001,GPU,ASUS,1,True
2025-08-11,4,GPU001,GPU,ASUS,1,True
2025-08-12,4,GPU001,GPU,ASUS,2,True
2025-08-13,4,GPU001,GPU,ASUS,0,True
2025-08-14,4,GPU001,GPU,ASUS,1,True
2025-08-15,4,GPU001,GPU,ASUS,0,True
2025-08-16,4,GPU001,GPU,ASUS,0,True
2025-08-17,4,GPU001,GPU,ASUS,2,True
2025-08-18,4,GPU001,GPU,ASUS,1,True
2025-08-19,4,GPU001,GPU,ASUS,0,True
2025-08-20,4,GPU001,GPU,ASUS,1,True
2025-08-21,4,GPU001,GPU,ASUS,1,True
2025-08-22,4,GPU001,GPU,ASUS,2,True
2025-08-23,4,GPU001,GPU,ASUS,0,True
2025-08-24,4,GPU001,GPU,ASUS,1,True
2025-08-25,4,GPU001,GPU,ASUS,1,True
2025-08-26,4,GPU001,GPU,ASUS,1,True
2025-08-27,4,GPU001,GPU,ASUS,0,True
2025-08-28,4,GPU001,GPU,ASUS,1,True
2025-08-29,4,GPU001,GPU,ASUS,0,True
2025-08-30,4,GPU001,GPU,ASUS,0,True
2025-08-31,4,GPU001,GPU,ASUS,1,True
2025-09-01,4,GPU001,GPU,ASUS,1,True
2025-09-02,4,GPU001,GPU,ASUS,0,True
2025-09-03,4,GPU001,GPU,ASUS,1,True
2025-09-04,4,GPU001,GPU,ASUS,1,True
2025-09-05,4,GPU001,GPU,ASUS,2,True
2025-09-06,4,GPU001,GPU,ASUS,1,True
2025-09-07,4,GPU001,GPU,ASUS,1,True
2025-09-08,4,GPU001,GPU,ASUS,3,True
2025-09-09,4,GPU001,GPU,ASUS,4,True
2025-09-10,4,GPU001,GPU,ASUS,1,True
2025-09-11,4,GPU001,GPU,ASUS,1,True
2025-09-12,4,GPU001,GPU,ASUS,0,True
2025-09-13,4,GPU001,GPU,ASUS,1,True
2025-09-14,4,GPU001,GPU,ASUS,0,True
2025-09-15,4,GPU001,GPU,ASUS,1,True
2025-09-16,4,GPU001,GPU,ASUS,0,True
2025-09-17,4,GPU001,GPU,ASUS,0,True
2025-09-18,4,GPU001,GPU,ASUS,0,True
2025-09-19,4,GPU001,GPU,ASUS,0,True
2025-09-20,4,GPU001,GPU,ASUS,0,True
2025-09-21,4,GPU001,GPU,ASUS,1,True
2025-09-22,4,GPU001,GPU,ASUS,2,True
2025-09-23,4,GPU001,GPU,ASUS,2,True
2025-09-24,4,GPU001,GPU,ASUS,2,True
2025-09-25,4,GPU001,GPU,ASUS,2,True
2025-09-26,4,GPU001,GPU,ASUS,2,True
2025-09-27,4,GPU001,GPU,ASUS,1,True
2025-09-28,4,GPU001,GPU,ASUS,1,True
2025-09-29,4,GPU001,GPU,ASUS,0,True
2025-09-30,4,GPU001,GPU,ASUS,0,True
2025-10-01,4,GPU001,GPU,ASUS,2,True
2025-10-02,4,GPU001,GPU,ASUS,0,True
2025-10-03,4,GPU001,GPU,ASUS,2,True
2025-10-04,4,GPU001,GPU,ASUS,1,True
2025-10-05,4,GPU001,GPU,ASUS,0,True
2025-10-06,4,GPU001,GPU,ASUS,1,True
2025-10-07,4,GPU001,GPU,ASUS,1,True
2025-10-08,4,GPU001,GPU,ASUS,1,True
2025-10-09,4,GPU001,GPU,ASUS,0,True
2025-10-10,4,GPU001,GPU,ASUS,1,True
2025-10-11,4,GPU001,GPU,ASUS,2,True
2025-10-12,4,GPU001,GPU,ASUS,0,True
2025-10-13,4,GPU001,GPU,ASUS,3,True
2025-10-14,4,GPU001,GPU,ASUS,0,True
2025-10-15,4,GPU001,GPU,ASUS,1,True
2025-10-16,4,GPU001,GPU,ASUS,0,True
2025-10-17,4,GPU001,GPU,ASUS,1,True
2025-10-18,4,GPU001,GPU,ASUS,2,True
2025-10-19,4,GPU001,GPU,ASUS,1,True
2025-10-20,4,GPU001,GPU,ASUS,1,True
2025-10-21,4,GPU001,GPU,ASUS,1,True
2025-10-22,4,GPU001,GPU,ASUS,2,True
2025-10-23,4,GPU001,GPU,ASUS,1,True
2025-10-24,4,GPU001,GPU,ASUS,0,True
2025-10-25,4,GPU001,GPU,ASUS,0,True
2025-10-26,4,GPU001,GPU,ASUS,1,True
2025-10-27,4,GPU001,GPU,ASUS,2,True
2025-10-28,4,GPU001,GPU,ASUS,2,True
2025-10-29,4,GPU001,GPU,ASUS,0,True
2025-10-30,4,GPU001,GPU,ASUS,1,True
2025-10-31,4,GPU001,GPU,ASUS,0,True
2025-11-01,4,GPU001,GPU,ASUS,0,True
2025-11-02,4,GPU001,GPU,ASUS,0,True
2025-11-03,4,GPU001,GPU,ASUS,1,True
2025-11-04,4,GPU001,GPU,ASUS,0,True
2025-11-05,4,GPU001,GPU,ASUS,2,True
2025-11-06,4,GPU001,GPU,ASUS,2,True
2025-11-07,4,GPU001,GPU,ASUS,0,True
2025-11-08,4,GPU001,GPU,ASUS,2,True
2025-11-09,4,GPU001,GPU,ASUS,3,True
2025-11-10,4,GPU001,GPU,ASUS,1,True
2025-11-11,4,GPU001,GPU,ASUS,1,True
2025-11-12,4,GPU001,GPU,ASUS,1,True
2025-11-13,4,GPU001,GPU,ASUS,1,True
2025-11-14,4,GPU001,GPU,ASUS,0,True
2025-11-15,4,GPU001,GPU,ASUS,1,True
2025-11-16,4,GPU001,GPU,ASUS,2,True
2025-11-17,4,GPU001,GPU,ASUS,2,True
2025-11-18,4,GPU001,GPU,ASUS,1,True
2025-11-19,4,GPU001,GPU,ASUS,0,True
2025-11-20,4,GPU001,GPU,ASUS,1,True
2025-11-21,4,GPU001,GPU,ASUS,3,True
2025-11-22,4,GPU001,GPU,ASUS,1,True
2025-11-23,4,GPU001,GPU,ASUS,1,True
2025-11-24,4,GPU001,GPU,ASUS,0,True
2025-11-25,4,GPU001,GPU,ASUS,0,True
2025-11-26,4,GPU001,GPU,ASUS,3,True
2025-11-27,4,GPU001,GPU,ASUS,1,True
2025-11-28,4,GPU001,GPU,ASUS,3,True
2025-11-29,4,GPU001,GPU,ASUS,0,True
2025-11-30,4,GPU001,GPU,ASUS,1,True
2025-12-01,4,GPU001,GPU,ASUS,5,True
2025-12-02,4,GPU001,GPU,ASUS,1,True
2025-12-03,4,GPU001,GPU,ASUS,1,True
2025-12-04,4,GPU001,GPU,ASUS,2,True
2025-12-05,4,GPU001,GPU,ASUS,0,True
2025-12-06,4,GPU001,GPU,ASUS,0,True
2025-12-07,4,GPU001,GPU,ASUS,0,True
2025-12-08,4,GPU001,GPU,ASUS,0,True
2025-12-09,4,GPU001,GPU,ASUS,0,True
2025-12-10,4,GPU001,GPU,ASUS,1,True
2025-12-11,4,GPU001,GPU,ASUS,0,True
2025-12-12,4,GPU001,GPU,ASUS,2,True
2025-12-13,4,GPU001,GPU,ASUS,1,True
2025-12-14,4,GPU001,GPU,ASUS,0,True
2025-12-15,4,GPU001,GPU,ASUS,1,True
2025-12-16,4,GPU001,GPU,ASUS,1,True
2025-12-17,4,GPU001,GPU,ASUS,3,True
2025-12-18,4,GPU001,GPU,ASUS,2,True
2025-12-19,4,GPU001,GPU,ASUS,0,True
2025-12-20,4,GPU001,GPU,ASUS,0,True
2025-12-21,4,GPU001,GPU,ASUS,0,True
2025-12-22,4,GPU001,GPU,ASUS,1,True
2025-12-23,4,GPU001,GPU,ASUS,1,True
2025-12-24,4,GPU001,GPU,ASUS,4,True
2025-12-25,4,GPU001,GPU,ASUS,2,True
2025-12-26,4,GPU001,GPU,ASUS,1,True
2025-12-27,4,GPU001,GPU,ASUS,0,True
2025-12-28,4,GPU001,GPU,ASUS,2,True
2025-12-29,4,GPU001,GPU,ASUS,0,True
2025-12-30,4,GPU001,GPU,ASUS,0,True
2025-12-31,4,GPU001,GPU,ASUS,0,True
2026-01-01,4,GPU001,GPU,ASUS,0,True
2026-01-02,4,GPU001,GPU,ASUS,1,True
2026-01-03,4,GPU001,GPU,ASUS,2,True
2026-01-04,4,GPU001,GPU,ASUS,0,True
2026-01-05,4,GPU001,GPU,ASUS,1,True
2026-01-06,4,GPU001,GPU,ASUS,0,True
2026-01-07,4,GPU001,GPU,ASUS,2,True
2026-01-08,4,GPU001,GPU,ASUS,2,True
2026-01-09,4,GPU001,GPU,ASUS,1,True
2026-01-10,4,GPU001,GPU,ASUS,1,True
2026-01-11,4,GPU001,GPU,ASUS,0,True
2026-01-12,4,GPU001,GPU,ASUS,1,True
2026-01-13,4,GPU001,GPU,ASUS,1,True
2026-01-14,4,GPU001,GPU,ASUS,1,True
2026-01-15,4,GPU001,GPU,ASUS,0,True
2026-01-16,4,GPU001,GPU,ASUS,2,True
2026-01-17,4,GPU001,GPU,ASUS,0,True
2026-01-18,4,GPU001,GPU,ASUS,3,True
2026-01-19,4,GPU001,GPU,ASUS,0,True
2026-01-20,4,GPU001,GPU,ASUS,2,True
2026-01-21,4,GPU001,GPU,ASUS,0,True
2026-01-22,4,GPU001,GPU,ASUS,2,True
2026-01-23,4,GPU001,GPU,ASUS,1,True
2026-01-24,4,GPU001,GPU,ASUS,3,True
2026-01-25,4,GPU001,GPU,ASUS,2,True
2026-01-26,4,GPU001,GPU,ASUS,0,True
2026-01-27,4,GPU001,GPU,ASUS,0,True
2026-01-28,4,GPU001,GPU,ASUS,0,True
2026-01-29,4,GPU001,GPU,ASUS,0,True
2026-01-30,4,GPU001,GPU,ASUS,0,True
2026-01-31,4,GPU001,GPU,ASUS,0,True
2026-02-01,4,GPU001,GPU,ASUS,2,True
2026-02-02,4,GPU001,GPU,ASUS,0,True
2026-02-03,4,GPU001,GPU,ASUS,1,True
2026-02-04,4,GPU001,GPU,ASUS,1,True
2026-02-05,4,GPU001,GPU,ASUS,0,True
2026-02-06,4,GPU001,GPU,ASUS,0,True
2026-02-07,4,GPU001,GPU,ASUS,0,True
2026-02-08,4,GPU001,GPU,ASUS,3,True
2026-02-09,4,GPU001,GPU,ASUS,0,True
2026-02-10,4,GPU001,GPU,ASUS,1,True
2026-02-11,4,GPU001,GPU,ASUS,1,True
2026-02-12,4,GPU001,GPU,ASUS,0,True
2026-02-13,4,GPU001,GPU,ASUS,0,True
2026-02-14,4,GPU001,GPU,ASUS,0,True
2026-02-15,4,GPU001,GPU,ASUS,0,True
2026-02-16,4,GPU001,GPU,ASUS,0,True
2026-02-17,4,GPU001,GPU,ASUS,0,True
2026-02-18,4,GPU001,GPU,ASUS,0,True
2026-02-19,4,GPU001,GPU,ASUS,3,True
2026-02-20,4,GPU001,GPU,ASUS,1,True
2026-02-21,4,GPU001,GPU,ASUS,2,True
2026-02-22,4,GPU001,GPU,ASUS,1,True
2026-02-23,4,GPU001,GPU,ASUS,3,True
2026-02-24,4,GPU001,GPU,ASUS,2,True
2026-02-25,4,GPU001,GPU,ASUS,0,True
2026-02-26,4,GPU001,GPU,ASUS,2,True
2026-02-27,4,GPU001,GPU,ASUS,0,True
2026-02-28,4,GPU001,GPU,ASUS,0,True
2026-03-01,4,GPU001,GPU,ASUS,0,True
2026-03-02,4,GPU001,GPU,ASUS,0,True
2026-03-03,4,GPU001,GPU,ASUS,0,True
2026-03-04,4,GPU001,GPU,ASUS,0,True
2026-03-05,4,GPU001,GPU,ASUS,1,True
2026-03-06,4,GPU001,GPU,ASUS,2,True
2026-03-07,4,GPU001,GPU,ASUS,2,True
2026-03-08,4,GPU001,GPU,ASUS,0,True
2026-03-09,4,GPU001,GPU,ASUS,4,True
2026-03-10,4,GPU001,GPU,ASUS,0,True
2026-03-11,4,GPU001,GPU,ASUS,0,True
2026-03-12,4,GPU001,GPU,ASUS,1,True
2026-03-13,4,GPU001,GPU,ASUS,0,True
2026-03-14,4,GPU001,GPU,ASUS,0,True
2026-03-15,4,GPU001,GPU,ASUS,1,True
2026-03-16,4,GPU001,GPU,ASUS,2,True
2026-03-17,4,GPU001,GPU,ASUS,1,True
2026-03-18,4,GPU001,GPU,ASUS,1,True
2026-03-19,4,GPU001,GPU,ASUS,2,True
2026-03-20,4,GPU001,GPU,ASUS,3,True
2026-03-21,4,GPU001,GPU,ASUS,1,True
2026-03-22,4,GPU001,GPU,ASUS,2,True
2026-03-23,4,GPU001,GPU,ASUS,0,True
2026-03-24,4,GPU001,GPU,ASUS,0,True
2026-03-25,4,GPU001,GPU,ASUS,1,True
2026-03-26,4,GPU001,GPU,ASUS,1,True
2026-03-27,4,GPU001,GPU,ASUS,2,True
2026-03-28,4,GPU001,GPU,ASUS,1,True
2026-03-29,4,GPU001,GPU,ASUS,0,True
2026-03-30,4,GPU001,GPU,ASUS,0,True
2026-03-31,4,GPU001,GPU,ASUS,0,True
2026-04-01,4,GPU001,GPU,ASUS,1,True
2026-04-02,4,GPU001,GPU,ASUS,1,True
2026-04-03,4,GPU001,GPU,ASUS,0,True
2026-04-04,4,GPU001,GPU,ASUS,2,True
2026-04-05,4,GPU001,GPU,ASUS,0,True
2026-04-06,4,GPU001,GPU,ASUS,1,True
2026-04-07,4,GPU001,GPU,ASUS,0,True
2026-04-08,4,GPU001,GPU,ASUS,1,True
2026-04-09,4,GPU001,GPU,ASUS,1,True
2026-04-10,4,GPU001,GPU,ASUS,0,True
2026-04-11,4,GPU001,GPU,ASUS,1,True
2026-04-12,4,GPU001,GPU,ASUS,0,True
2026-04-13,4,GPU001,GPU,ASUS,1,True
2026-04-14,4,GPU001,GPU,ASUS,0,True
2026-04-15,4,GPU001,GPU,ASUS,0,True
2026-04-16,4,GPU001,GPU,ASUS,1,True
2026-04-17,4,GPU001,GPU,ASUS,0,True
2026-04-18,4,GPU001,GPU,ASUS,2,True
2026-04-19,4,GPU001,GPU,ASUS,1,True
2026-04-20,4,GPU001,GPU,ASUS,0,True
2026-04-21,4,GPU001,GPU,ASUS,1,True
2026-04-22,4,GPU001,GPU,ASUS,1,True
2026-04-23,4,GPU001,GPU,ASUS,1,True
2026-04-24,4,GPU001,GPU,ASUS,2,True
2026-04-25,4,GPU001,GPU,ASUS,2,True
2026-04-26,4,GPU001,GPU,ASUS,2,True
2026-04-27,4,GPU001,GPU,ASUS,1,True
2026-04-28,4,GPU001,GPU,ASUS,2,True
2026-04-29,4,GPU001,GPU,ASUS,1,True
2026-04-30,4,GPU001,GPU,ASUS,2,True
2026-05-01,4,GPU001,GPU,ASUS,1,True
2026-05-02,4,GPU001,GPU,ASUS,0,True
2026-05-03,4,GPU001,GPU,ASUS,0,True
2026-05-04,4,GPU001,GPU,ASUS,2,True
2026-05-05,4,GPU001,GPU,ASUS,0,True
2026-05-06,4,GPU001,GPU,ASUS,0,True
2026-05-07,4,GPU001,GPU,ASUS,0,True
2026-05-08,4,GPU001,GPU,ASUS,2,True
2026-05-09,4,GPU001,GPU,ASUS,1,True
2026-05-10,4,GPU001,GPU,ASUS,1,True
2026-05-11,4,GPU001,GPU,ASUS,0,True
2026-05-12,4,GPU001,GPU,ASUS,1,True
2026-05-13,4,GPU001,GPU,ASUS,0,True
2026-05-14,4,GPU001,GPU,ASUS,0,True
2026-05-15,4,GPU001,GPU,ASUS,0,True
2026-05-16,4,GPU001,GPU,ASUS,2,True
2026-05-17,4,GPU001,GPU,ASUS,0,True
2026-05-18,4,GPU001,GPU,ASUS,0,True
2026-05-19,4,GPU001,GPU,ASUS,1,True
2026-05-20,4,GPU001,GPU,ASUS,0,True
2026-05-21,4,GPU001,GPU,ASUS,0,True
2026-05-22,4,GPU001,GPU,ASUS,1,True
2026-05-23,4,GPU001,GPU,ASUS,0,True
2026-05-24,4,GPU001,GPU,ASUS,1,True
2026-05-25,4,GPU001,GPU,ASUS,2,True
2026-05-26,4,GPU001,GPU,ASUS,0,True
2026-05-27,4,GPU001,GPU,ASUS,1,True
2026-05-28,4,GPU001,GPU,ASUS,0,True
2026-05-29,4,GPU001,GPU,ASUS,0,True
2026-05-30,4,GPU001,GPU,ASUS,2,True
2026-05-31,4,GPU001,GPU,ASUS,1,True
2026-06-01,4,GPU001,GPU,ASUS,1,True
2026-06-02,4,GPU001,GPU,ASUS,2,True
2026-06-03,4,GPU001,GPU,ASUS,0,True
2026-06-04,4,GPU001,GPU,ASUS,2,True
2026-06-05,4,GPU001,GPU,ASUS,1,True
2026-06-06,4,GPU001,GPU,ASUS,0,True
2026-06-07,4,GPU001,GPU,ASUS,1,True
2026-06-08,4,GPU001,GPU,ASUS,0,True
2026-06-09,4,GPU001,GPU,ASUS,1,True
2026-06-10,4,GPU001,GPU,ASUS,1,True
2026-06-11,4,GPU001,GPU,ASUS,0,True
2026-06-12,4,GPU001,GPU,ASUS,0,True
2026-06-13,4,GPU001,GPU,ASUS,0,True
2026-06-14,4,GPU001,GPU,ASUS,2,True
2026-06-15,4,GPU001,GPU,ASUS,2,True
2026-06-16,4,GPU001,GPU,ASUS,0,True
2026-06-17,4,GPU001,GPU,ASUS,1,True
2026-06-18,4,GPU001,GPU,ASUS,1,True
2026-06-19,4,GPU001,GPU,ASUS,2,True
2026-06-20,4,GPU001,GPU,ASUS,2,True
2026-06-21,4,GPU001,GPU,ASUS,1,True
2026-06-22,4,GPU001,GPU,ASUS,0,True
2026-06-23,4,GPU001,GPU,ASUS,1,True
2026-06-24,4,GPU001,GPU,ASUS,1,True
2026-06-25,4,GPU001,GPU,ASUS,3,True
2026-06-26,4,GPU001,GPU,ASUS,0,True
2026-06-27,4,GPU001,GPU,ASUS,0,True
2026-06-28,4,GPU001,GPU,ASUS,0,True
2026-06-29,4,GPU001,GPU,ASUS,3,True
2026-06-30,4,GPU001,GPU,ASUS,1,True
2026-07-01,4,GPU001,GPU,ASUS,0,True
2026-07-02,4,GPU001,GPU,ASUS,0,True
2026-07-03,4,GPU001,GPU,ASUS,0,True
2026-07-04,4,GPU001,GPU,ASUS,2,True
2026-07-05,4,GPU001,GPU,ASUS,0,True
2026-07-06,4,GPU001,GPU,ASUS,0,True
2026-07-07,4,GPU001,GPU,ASUS,0,True
2026-07-08,4,GPU001,GPU,ASUS,1,True
2026-07-09,4,GPU001,GPU,ASUS,0,True
2026-07-10,4,GPU001,GPU,ASUS,1,True
2026-07-11,4,GPU001,GPU,ASUS,0,True
2026-07-12,4,GPU001,GPU,ASUS,0,True
2026-07-13,4,GPU001,GPU,ASUS,0,True
2026-07-14,4,GPU001,GPU,ASUS,0,True
2026-07-15,4,GPU001,GPU,ASUS,1,True
2026-07-16,4,GPU001,GPU,ASUS,1,True
2026-07-17,4,GPU001,GPU,ASUS,0,True
2026-07-18,4,GPU001,GPU,ASUS,0,True
2026-07-19,4,GPU001,GPU,ASUS,3,True
2026-07-20,4,GPU001,GPU,ASUS,1,True
2026-07-21,4,GPU001,GPU,ASUS,1,True
2026-07-22,4,GPU001,GPU,ASUS,1,True
2026-07-23,4,GPU001,GPU,ASUS,1,True
2026-07-24,4,GPU001,GPU,ASUS,2,True
2026-07-25,4,GPU001,GPU,ASUS,1,True
2026-07-26,4,GPU001,GPU,ASUS,1,True
2026-07-27,4,GPU001,GPU,ASUS,1,True
2026-07-28,4,GPU001,GPU,ASUS,0,True
2026-07-29,4,GPU001,GPU,ASUS,1,True
2026-07-30,4,GPU001,GPU,ASUS,0,True
2026-07-31,4,GPU001,GPU,ASUS,1,True
2026-08-01,4,GPU001,GPU,ASUS,0,True
2026-08-02,4,GPU001,GPU,ASUS,0,True
2026-08-03,4,GPU001,GPU,ASUS,0,True
2026-08-04,4,GPU001,GPU,ASUS,1,True
2026-08-05,4,GPU001,GPU,ASUS,0,True
2026-08-06,4,GPU001,GPU,ASUS,0,True
2026-08-07,4,GPU001,GPU,ASUS,2,True
2026-08-08,4,GPU001,GPU,ASUS,0,True
2026-08-09,4,GPU001,GPU,ASUS,0,True
2026-08-10,4,GPU001,GPU,ASUS,1,True
2026-08-11,4,GPU001,GPU,ASUS,2,True
2026-08-12,4,GPU001,GPU,ASUS,3,True
2026-08-13,4,GPU001,GPU,ASUS,0,True
2026-08-14,4,GPU001,GPU,ASUS,1,True
2026-08-15,4,GPU001,GPU,ASUS,4,True
2026-08-16,4,GPU001,GPU,ASUS,0,True
2026-08-17,4,GPU001,GPU,ASUS,1,True
2026-08-18,4,GPU001,GPU,ASUS,0,True
2026-08-19,4,GPU001,GPU,ASUS,1,True
2026-08-20,4,GPU001,GPU,ASUS,1,True
2026-08-21,4,GPU001,GPU,ASUS,2,True
2026-08-22,4,GPU001,GPU,ASUS,3,True
2026-08-23,4,GPU001,GPU,ASUS,0,True
2026-08-24,4,GPU001,GPU,ASUS,0,True
2026-08-25,4,GPU001,GPU,ASUS,3,True
2026-08-26,4,GPU001,GPU,ASUS,2,True
2026-08-27,4,GPU001,GPU,ASUS,3,True
2026-08-28,4,GPU001,GPU,ASUS,0,True
2026-08-29,4,GPU001,GPU,ASUS,0,True
2026-08-30,4,GPU001,GPU,ASUS,2,True
2026-08-31,4,GPU001,GPU,ASUS,0,True
2025-03-01,5,SSD001,SSD,Samsung,1,True
2025-03-02,5,SSD001,SSD,Samsung,1,True
2025-03-03,5,SSD001,SSD,Samsung,3,True
2025-03-04,5,SSD001,SSD,Samsung,0,True
2025-03-05,5,SSD001,SSD,Samsung,2,True
2025-03-06,5,SSD001,SSD,Samsung,2,True
2025-03-07,5,SSD001,SSD,Samsung,1,True
2025-03-08,5,SSD001,SSD,Samsung,2,True
2025-03-09,5,SSD001,SSD,Samsung,1,True
2025-03-10,5,SSD001,SSD,Samsung,3,True
2025-03-11,5,SSD001,SSD,Samsung,4,True
2025-03-12,5,SSD001,SSD,Samsung,2,True
2025-03-13,5,SSD001,SSD,Samsung,1,True
2025-03-14,5,SSD001,SSD,Samsung,1,True
2025-03-15,5,SSD001,SSD,Samsung,5,True
2025-03-16,5,SSD001,SSD,Samsung,1,True
2025-03-17,5,SSD001,SSD,Samsung,2,True
2025-03-18,5,SSD001,SSD,Samsung,0,True
2025-03-19,5,SSD001,SSD,Samsung,1,True
2025-03-20,5,SSD001,SSD,Samsung,1,True
2025-03-21,5,SSD001,SSD,Samsung,0,True
2025-03-22,5,SSD001,SSD,Samsung,0,True
2025-03-23,5,SSD001,SSD,Samsung,2,True
2025-03-24,5,SSD001,SSD,Samsung,0,True
2025-03-25,5,SSD001,SSD,Samsung,2,True
2025-03-26,5,SSD001,SSD,Samsung,1,True
2025-03-27,5,SSD001,SSD,Samsung,0,True
2025-03-28,5,SSD001,SSD,Samsung,3,True
2025-03-29,5,SSD001,SSD,Samsung,0,True
2025-03-30,5,SSD001,SSD,Samsung,2,True
2025-03-31,5,SSD001,SSD,Samsung,1,True
2025-04-01,5,SSD001,SSD,Samsung,1,True
2025-04-02,5,SSD001,SSD,Samsung,2,True
2025-04-03,5,SSD001,SSD,Samsung,0,True
2025-04-04,5,SSD001,SSD,Samsung,2,True
2025-04-05,5,SSD001,SSD,Samsung,3,True
2025-04-06,5,SSD001,SSD,Samsung,2,True
2025-04-07,5,SSD001,SSD,Samsung,3,True
2025-04-08,5,SSD001,SSD,Samsung,1,True
2025-04-09,5,SSD001,SSD,Samsung,1,True
2025-04-10,5,SSD001,SSD,Samsung,1,True
2025-04-11,5,SSD001,SSD,Samsung,3,True
2025-04-12,5,SSD001,SSD,Samsung,0,True
2025-04-13,5,SSD001,SSD,Samsung,2,True
2025-04-14,5,SSD001,SSD,Samsung,0,True
2025-04-15,5,SSD001,SSD,Samsung,1,True
2025-04-16,5,SSD001,SSD,Samsung,0,True
2025-04-17,5,SSD001,SSD,Samsung,4,True
2025-04-18,5,SSD001,SSD,Samsung,1,True
2025-04-19,5,SSD001,SSD,Samsung,2,True
2025-04-20,5,SSD001,SSD,Samsung,1,True
2025-04-21,5,SSD001,SSD,Samsung,2,True
2025-04-22,5,SSD001,SSD,Samsung,2,True
2025-04-23,5,SSD001,SSD,Samsung,0,True
2025-04-24,5,SSD001,SSD,Samsung,2,True
2025-04-25,5,SSD001,SSD,Samsung,1,True
2025-04-26,5,SSD001,SSD,Samsung,3,True
2025-04-27,5,SSD001,SSD,Samsung,2,True
2025-04-28,5,SSD001,SSD,Samsung,0,True
2025-04-29,5,SSD001,SSD,Samsung,0,True
2025-04-30,5,SSD001,SSD,Samsung,1,True
2025-05-01,5,SSD001,SSD,Samsung,1,True
2025-05-02,5,SSD001,SSD,Samsung,2,True
2025-05-03,5,SSD001,SSD,Samsung,1,True
2025-05-04,5,SSD001,SSD,Samsung,0,True
2025-05-05,5,SSD001,SSD,Samsung,1,True
2025-05-06,5,SSD001,SSD,Samsung,3,True
2025-05-07,5,SSD001,SSD,Samsung,1,True
2025-05-08,5,SSD001,SSD,Samsung,0,True
2025-05-09,5,SSD001,SSD,Samsung,2,True
2025-05-10,5,SSD001,SSD,Samsung,2,True
2025-05-11,5,SSD001,SSD,Samsung,0,True
2025-05-12,5,SSD001,SSD,Samsung,1,True
2025-05-13,5,SSD001,SSD,Samsung,0,True
2025-05-14,5,SSD001,SSD,Samsung,1,True
2025-05-15,5,SSD001,SSD,Samsung,3,True
2025-05-16,5,SSD001,SSD,Samsung,1,True
2025-05-17,5,SSD001,SSD,Samsung,1,True
2025-05-18,5,SSD001,SSD,Samsung,3,True
2025-05-19,5,SSD001,SSD,Samsung,0,True
2025-05-20,5,SSD001,SSD,Samsung,2,True
2025-05-21,5,SSD001,SSD,Samsung,1,True
2025-05-22,5,SSD001,SSD,Samsung,3,True
2025-05-23,5,SSD001,SSD,Samsung,2,True
2025-05-24,5,SSD001,SSD,Samsung,0,True
2025-05-25,5,SSD001,SSD,Samsung,4,True
2025-05-26,5,SSD001,SSD,Samsung,2,True
2025-05-27,5,SSD001,SSD,Samsung,2,True
2025-05-28,5,SSD001,SSD,Samsung,1,True
2025-05-29,5,SSD001,SSD,Samsung,1,True
2025-05-30,5,SSD001,SSD,Samsung,0,True
2025-05-31,5,SSD001,SSD,Samsung,1,True
2025-06-01,5,SSD001,SSD,Samsung,0,True
2025-06-02,5,SSD001,SSD,Samsung,0,True
2025-06-03,5,SSD001,SSD,Samsung,2,True
2025-06-04,5,SSD001,SSD,Samsung,2,True
2025-06-05,5,SSD001,SSD,Samsung,3,True
2025-06-06,5,SSD001,SSD,Samsung,1,True
2025-06-07,5,SSD001,SSD,Samsung,0,True
2025-06-08,5,SSD001,SSD,Samsung,0,True
2025-06-09,5,SSD001,SSD,Samsung,2,True
2025-06-10,5,SSD001,SSD,Samsung,2,True
2025-06-11,5,SSD001,SSD,Samsung,1,True
2025-06-12,5,SSD001,SSD,Samsung,0,True
2025-06-13,5,SSD001,SSD,Samsung,5,True
2025-06-14,5,SSD001,SSD,Samsung,3,True
2025-06-15,5,SSD001,SSD,Samsung,5,True
2025-06-16,5,SSD001,SSD,Samsung,0,True
2025-06-17,5,SSD001,SSD,Samsung,0,True
2025-06-18,5,SSD001,SSD,Samsung,0,True
2025-06-19,5,SSD001,SSD,Samsung,2,True
2025-06-20,5,SSD001,SSD,Samsung,3,True
2025-06-21,5,SSD001,SSD,Samsung,7,True
2025-06-22,5,SSD001,SSD,Samsung,1,True
2025-06-23,5,SSD001,SSD,Samsung,2,True
2025-06-24,5,SSD001,SSD,Samsung,1,True
2025-06-25,5,SSD001,SSD,Samsung,2,True
2025-06-26,5,SSD001,SSD,Samsung,1,True
2025-06-27,5,SSD001,SSD,Samsung,1,True
2025-06-28,5,SSD001,SSD,Samsung,1,True
2025-06-29,5,SSD001,SSD,Samsung,3,True
2025-06-30,5,SSD001,SSD,Samsung,3,True
2025-07-01,5,SSD001,SSD,Samsung,4,True
2025-07-02,5,SSD001,SSD,Samsung,3,True
2025-07-03,5,SSD001,SSD,Samsung,2,True
2025-07-04,5,SSD001,SSD,Samsung,1,True
2025-07-05,5,SSD001,SSD,Samsung,1,True
2025-07-06,5,SSD001,SSD,Samsung,5,True
2025-07-07,5,SSD001,SSD,Samsung,1,True
2025-07-08,5,SSD001,SSD,Samsung,0,True
2025-07-09,5,SSD001,SSD,Samsung,1,True
2025-07-10,5,SSD001,SSD,Samsung,0,True
2025-07-11,5,SSD001,SSD,Samsung,0,True
2025-07-12,5,SSD001,SSD,Samsung,1,True
2025-07-13,5,SSD001,SSD,Samsung,0,True
2025-07-14,5,SSD001,SSD,Samsung,2,True
2025-07-15,5,SSD001,SSD,Samsung,3,True
2025-07-16,5,SSD001,SSD,Samsung,2,True
2025-07-17,5,SSD001,SSD,Samsung,0,True
2025-07-18,5,SSD001,SSD,Samsung,1,True
2025-07-19,5,SSD001,SSD,Samsung,1,True
2025-07-20,5,SSD001,SSD,Samsung,2,True
2025-07-21,5,SSD001,SSD,Samsung,0,True
2025-07-22,5,SSD001,SSD,Samsung,1,True
2025-07-23,5,SSD001,SSD,Samsung,1,True
2025-07-24,5,SSD001,SSD,Samsung,3,True
2025-07-25,5,SSD001,SSD,Samsung,1,True
2025-07-26,5,SSD001,SSD,Samsung,1,True
2025-07-27,5,SSD001,SSD,Samsung,1,True
2025-07-28,5,SSD001,SSD,Samsung,1,True
2025-07-29,5,SSD001,SSD,Samsung,1,True
2025-07-30,5,SSD001,SSD,Samsung,2,True
2025-07-31,5,SSD001,SSD,Samsung,2,True
2025-08-01,5,SSD001,SSD,Samsung,1,True
2025-08-02,5,SSD001,SSD,Samsung,0,True
2025-08-03,5,SSD001,SSD,Samsung,1,True
2025-08-04,5,SSD001,SSD,Samsung,1,True
2025-08-05,5,SSD001,SSD,Samsung,3,True
2025-08-06,5,SSD001,SSD,Samsung,2,True
2025-08-07,5,SSD001,SSD,Samsung,1,True
2025-08-08,5,SSD001,SSD,Samsung,1,True
2025-08-09,5,SSD001,SSD,Samsung,2,True
2025-08-10,5,SSD001,SSD,Samsung,3,True
2025-08-11,5,SSD001,SSD,Samsung,2,True
2025-08-12,5,SSD001,SSD,Samsung,1,True
2025-08-13,5,SSD001,SSD,Samsung,1,True
2025-08-14,5,SSD001,SSD,Samsung,0,True
2025-08-15,5,SSD001,SSD,Samsung,1,True
2025-08-16,5,SSD001,SSD,Samsung,3,True
2025-08-17,5,SSD001,SSD,Samsung,0,True
2025-08-18,5,SSD001,SSD,Samsung,2,True
2025-08-19,5,SSD001,SSD,Samsung,0,True
2025-08-20,5,SSD001,SSD,Samsung,1,True
2025-08-21,5,SSD001,SSD,Samsung,0,True
2025-08-22,5,SSD001,SSD,Samsung,0,True
2025-08-23,5,SSD001,SSD,Samsung,1,True
2025-08-24,5,SSD001,SSD,Samsung,3,True
2025-08-25,5,SSD001,SSD,Samsung,2,True
2025-08-26,5,SSD001,SSD,Samsung,4,True
2025-08-27,5,SSD001,SSD,Samsung,0,True
2025-08-28,5,SSD001,SSD,Samsung,0,True
2025-08-29,5,SSD001,SSD,Samsung,0,True
2025-08-30,5,SSD001,SSD,Samsung,2,True
2025-08-31,5,SSD001,SSD,Samsung,0,True
2025-09-01,5,SSD001,SSD,Samsung,1,True
2025-09-02,5,SSD001,SSD,Samsung,5,True
2025-09-03,5,SSD001,SSD,Samsung,1,True
2025-09-04,5,SSD001,SSD,Samsung,2,True
2025-09-05,5,SSD001,SSD,Samsung,2,True
2025-09-06,5,SSD001,SSD,Samsung,1,True
2025-09-07,5,SSD001,SSD,Samsung,1,True
2025-09-08,5,SSD001,SSD,Samsung,2,True
2025-09-09,5,SSD001,SSD,Samsung,5,True
2025-09-10,5,SSD001,SSD,Samsung,0,True
2025-09-11,5,SSD001,SSD,Samsung,1,True
2025-09-12,5,SSD001,SSD,Samsung,2,True
2025-09-13,5,SSD001,SSD,Samsung,1,True
2025-09-14,5,SSD001,SSD,Samsung,1,True
2025-09-15,5,SSD001,SSD,Samsung,0,True
2025-09-16,5,SSD001,SSD,Samsung,3,True
2025-09-17,5,SSD001,SSD,Samsung,0,True
2025-09-18,5,SSD001,SSD,Samsung,0,True
2025-09-19,5,SSD001,SSD,Samsung,1,True
2025-09-20,5,SSD001,SSD,Samsung,2,True
2025-09-21,5,SSD001,SSD,Samsung,1,True
2025-09-22,5,SSD001,SSD,Samsung,0,True
2025-09-23,5,SSD001,SSD,Samsung,1,True
2025-09-24,5,SSD001,SSD,Samsung,1,True
2025-09-25,5,SSD001,SSD,Samsung,1,True
2025-09-26,5,SSD001,SSD,Samsung,2,True
2025-09-27,5,SSD001,SSD,Samsung,0,True
2025-09-28,5,SSD001,SSD,Samsung,2,True
2025-09-29,5,SSD001,SSD,Samsung,2,True
2025-09-30,5,SSD001,SSD,Samsung,0,True
2025-10-01,5,SSD001,SSD,Samsung,2,True
2025-10-02,5,SSD001,SSD,Samsung,1,True
2025-10-03,5,SSD001,SSD,Samsung,1,True
2025-10-04,5,SSD001,SSD,Samsung,1,True
2025-10-05,5,SSD001,SSD,Samsung,2,True
2025-10-06,5,SSD001,SSD,Samsung,1,True
2025-10-07,5,SSD001,SSD,Samsung,1,True
2025-10-08,5,SSD001,SSD,Samsung,0,True
2025-10-09,5,SSD001,SSD,Samsung,2,True
2025-10-10,5,SSD001,SSD,Samsung,1,True
2025-10-11,5,SSD001,SSD,Samsung,1,True
2025-10-12,5,SSD001,SSD,Samsung,4,True
2025-10-13,5,SSD001,SSD,Samsung,4,True
2025-10-14,5,SSD001,SSD,Samsung,3,True
2025-10-15,5,SSD001,SSD,Samsung,0,True
2025-10-16,5,SSD001,SSD,Samsung,3,True
2025-10-17,5,SSD001,SSD,Samsung,0,True
2025-10-18,5,SSD001,SSD,Samsung,2,True
2025-10-19,5,SSD001,SSD,Samsung,1,True
2025-10-20,5,SSD001,SSD,Samsung,1,True
2025-10-21,5,SSD001,SSD,Samsung,4,True
2025-10-22,5,SSD001,SSD,Samsung,1,True
2025-10-23,5,SSD001,SSD,Samsung,0,True
2025-10-24,5,SSD001,SSD,Samsung,2,True
2025-10-25,5,SSD001,SSD,Samsung,1,True
2025-10-26,5,SSD001,SSD,Samsung,1,True
2025-10-27,5,SSD001,SSD,Samsung,1,True
2025-10-28,5,SSD001,SSD,Samsung,4,True
2025-10-29,5,SSD001,SSD,Samsung,3,True
2025-10-30,5,SSD001,SSD,Samsung,1,True
2025-10-31,5,SSD001,SSD,Samsung,2,True
2025-11-01,5,SSD001,SSD,Samsung,1,True
2025-11-02,5,SSD001,SSD,Samsung,1,True
2025-11-03,5,SSD001,SSD,Samsung,0,True
2025-11-04,5,SSD001,SSD,Samsung,5,True
2025-11-05,5,SSD001,SSD,Samsung,1,True
2025-11-06,5,SSD001,SSD,Samsung,2,True
2025-11-07,5,SSD001,SSD,Samsung,0,True
2025-11-08,5,SSD001,SSD,Samsung,1,True
2025-11-09,5,SSD001,SSD,Samsung,1,True
2025-11-10,5,SSD001,SSD,Samsung,1,True
2025-11-11,5,SSD001,SSD,Samsung,0,True
2025-11-12,5,SSD001,SSD,Samsung,1,True
2025-11-13,5,SSD001,SSD,Samsung,2,True
2025-11-14,5,SSD001,SSD,Samsung,1,True
2025-11-15,5,SSD001,SSD,Samsung,0,True
2025-11-16,5,SSD001,SSD,Samsung,2,True
2025-11-17,5,SSD001,SSD,Samsung,4,True
2025-11-18,5,SSD001,SSD,Samsung,0,True
2025-11-19,5,SSD001,SSD,Samsung,2,True
2025-11-20,5,SSD001,SSD,Samsung,1,True
2025-11-21,5,SSD001,SSD,Samsung,3,True
2025-11-22,5,SSD001,SSD,Samsung,3,True
2025-11-23,5,SSD001,SSD,Samsung,4,True
2025-11-24,5,SSD001,SSD,Samsung,1,True
2025-11-25,5,SSD001,SSD,Samsung,1,True
2025-11-26,5,SSD001,SSD,Samsung,1,True
2025-11-27,5,SSD001,SSD,Samsung,3,True
2025-11-28,5,SSD001,SSD,Samsung,4,True
2025-11-29,5,SSD001,SSD,Samsung,1,True
2025-11-30,5,SSD001,SSD,Samsung,4,True
2025-12-01,5,SSD001,SSD,Samsung,1,True
2025-12-02,5,SSD001,SSD,Samsung,1,True
2025-12-03,5,SSD001,SSD,Samsung,1,True
2025-12-04,5,SSD001,SSD,Samsung,2,True
2025-12-05,5,SSD001,SSD,Samsung,1,True
2025-12-06,5,SSD001,SSD,Samsung,3,True
2025-12-07,5,SSD001,SSD,Samsung,1,True
2025-12-08,5,SSD001,SSD,Samsung,2,True
2025-12-09,5,SSD001,SSD,Samsung,3,True
2025-12-10,5,SSD001,SSD,Samsung,2,True
2025-12-11,5,SSD001,SSD,Samsung,1,True
2025-12-12,5,SSD001,SSD,Samsung,3,True
2025-12-13,5,SSD001,SSD,Samsung,0,True
2025-12-14,5,SSD001,SSD,Samsung,0,True
2025-12-15,5,SSD001,SSD,Samsung,1,True
2025-12-16,5,SSD001,SSD,Samsung,0,True
2025-12-17,5,SSD001,SSD,Samsung,1,True
2025-12-18,5,SSD001,SSD,Samsung,1,True
2025-12-19,5,SSD001,SSD,Samsung,1,True
2025-12-20,5,SSD001,SSD,Samsung,3,True
2025-12-21,5,SSD001,SSD,Samsung,1,True
2025-12-22,5,SSD001,SSD,Samsung,2,True
2025-12-23,5,SSD001,SSD,Samsung,2,True
2025-12-24,5,SSD001,SSD,Samsung,2,True
2025-12-25,5,SSD001,SSD,Samsung,0,True
2025-12-26,5,SSD001,SSD,Samsung,1,True
2025-12-27,5,SSD001,SSD,Samsung,5,True
2025-12-28,5,SSD001,SSD,Samsung,2,True
2025-12-29,5,SSD001,SSD,Samsung,1,True
2025-12-30,5,SSD001,SSD,Samsung,2,True
2025-12-31,5,SSD001,SSD,Samsung,0,True
2026-01-01,5,SSD001,SSD,Samsung,1,True
2026-01-02,5,SSD001,SSD,Samsung,0,True
2026-01-03,5,SSD001,SSD,Samsung,1,True
2026-01-04,5,SSD001,SSD,Samsung,1,True
2026-01-05,5,SSD001,SSD,Samsung,0,True
2026-01-06,5,SSD001,SSD,Samsung,0,True
2026-01-07,5,SSD001,SSD,Samsung,1,True
2026-01-08,5,SSD001,SSD,Samsung,1,True
2026-01-09,5,SSD001,SSD,Samsung,0,True
2026-01-10,5,SSD001,SSD,Samsung,1,True
2026-01-11,5,SSD001,SSD,Samsung,3,True
2026-01-12,5,SSD001,SSD,Samsung,2,True
2026-01-13,5,SSD001,SSD,Samsung,0,True
2026-01-14,5,SSD001,SSD,Samsung,1,True
2026-01-15,5,SSD001,SSD,Samsung,0,True
2026-01-16,5,SSD001,SSD,Samsung,1,True
2026-01-17,5,SSD001,SSD,Samsung,0,True
2026-01-18,5,SSD001,SSD,Samsung,0,True
2026-01-19,5,SSD001,SSD,Samsung,1,True
2026-01-20,5,SSD001,SSD,Samsung,3,True
2026-01-21,5,SSD001,SSD,Samsung,2,True
2026-01-22,5,SSD001,SSD,Samsung,0,True
2026-01-23,5,SSD001,SSD,Samsung,1,True
2026-01-24,5,SSD001,SSD,Samsung,0,True
2026-01-25,5,SSD001,SSD,Samsung,2,True
2026-01-26,5,SSD001,SSD,Samsung,2,True
2026-01-27,5,SSD001,SSD,Samsung,4,True
2026-01-28,5,SSD001,SSD,Samsung,2,True
2026-01-29,5,SSD001,SSD,Samsung,0,True
2026-01-30,5,SSD001,SSD,Samsung,0,True
2026-01-31,5,SSD001,SSD,Samsung,0,True
2026-02-01,5,SSD001,SSD,Samsung,1,True
2026-02-02,5,SSD001,SSD,Samsung,2,True
2026-02-03,5,SSD001,SSD,Samsung,2,True
2026-02-04,5,SSD001,SSD,Samsung,0,True
2026-02-05,5,SSD001,SSD,Samsung,0,True
2026-02-06,5,SSD001,SSD,Samsung,0,True
2026-02-07,5,SSD001,SSD,Samsung,2,True
2026-02-08,5,SSD001,SSD,Samsung,7,True
2026-02-09,5,SSD001,SSD,Samsung,3,True
2026-02-10,5,SSD001,SSD,Samsung,4,True
2026-02-11,5,SSD001,SSD,Samsung,0,True
2026-02-12,5,SSD001,SSD,Samsung,0,True
2026-02-13,5,SSD001,SSD,Samsung,0,True
2026-02-14,5,SSD001,SSD,Samsung,1,True
2026-02-15,5,SSD001,SSD,Samsung,1,True
2026-02-16,5,SSD001,SSD,Samsung,0,True
2026-02-17,5,SSD001,SSD,Samsung,0,True
2026-02-18,5,SSD001,SSD,Samsung,3,True
2026-02-19,5,SSD001,SSD,Samsung,2,True
2026-02-20,5,SSD001,SSD,Samsung,2,True
2026-02-21,5,SSD001,SSD,Samsung,1,True
2026-02-22,5,SSD001,SSD,Samsung,0,True
2026-02-23,5,SSD001,SSD,Samsung,2,True
2026-02-24,5,SSD001,SSD,Samsung,0,True
2026-02-25,5,SSD001,SSD,Samsung,1,True
2026-02-26,5,SSD001,SSD,Samsung,1,True
2026-02-27,5,SSD001,SSD,Samsung,0,True
2026-02-28,5,SSD001,SSD,Samsung,2,True
2026-03-01,5,SSD001,SSD,Samsung,3,True
2026-03-02,5,SSD001,SSD,Samsung,0,True
2026-03-03,5,SSD001,SSD,Samsung,2,True
2026-03-04,5,SSD001,SSD,Samsung,2,True
2026-03-05,5,SSD001,SSD,Samsung,0,True
2026-03-06,5,SSD001,SSD,Samsung,1,True
2026-03-07,5,SSD001,SSD,Samsung,0,True
2026-03-08,5,SSD001,SSD,Samsung,3,True
2026-03-09,5,SSD001,SSD,Samsung,2,True
2026-03-10,5,SSD001,SSD,Samsung,2,True
2026-03-11,5,SSD001,SSD,Samsung,0,True
2026-03-12,5,SSD001,SSD,Samsung,0,True
2026-03-13,5,SSD001,SSD,Samsung,4,True
2026-03-14,5,SSD001,SSD,Samsung,3,True
2026-03-15,5,SSD001,SSD,Samsung,1,True
2026-03-16,5,SSD001,SSD,Samsung,2,True
2026-03-17,5,SSD001,SSD,Samsung,2,True
2026-03-18,5,SSD001,SSD,Samsung,0,True
2026-03-19,5,SSD001,SSD,Samsung,2,True
2026-03-20,5,SSD001,SSD,Samsung,1,True
2026-03-21,5,SSD001,SSD,Samsung,1,True
2026-03-22,5,SSD001,SSD,Samsung,1,True
2026-03-23,5,SSD001,SSD,Samsung,1,True
2026-03-24,5,SSD001,SSD,Samsung,0,True
2026-03-25,5,SSD001,SSD,Samsung,2,True
2026-03-26,5,SSD001,SSD,Samsung,1,True
2026-03-27,5,SSD001,SSD,Samsung,2,True
2026-03-28,5,SSD001,SSD,Samsung,0,True
2026-03-29,5,SSD001,SSD,Samsung,0,True
2026-03-30,5,SSD001,SSD,Samsung,3,True
2026-03-31,5,SSD001,SSD,Samsung,3,True
2026-04-01,5,SSD001,SSD,Samsung,1,True
2026-04-02,5,SSD001,SSD,Samsung,1,True
2026-04-03,5,SSD001,SSD,Samsung,1,True
2026-04-04,5,SSD001,SSD,Samsung,4,True
2026-04-05,5,SSD001,SSD,Samsung,2,True
2026-04-06,5,SSD001,SSD,Samsung,2,True
2026-04-07,5,SSD001,SSD,Samsung,2,True
2026-04-08,5,SSD001,SSD,Samsung,2,True
2026-04-09,5,SSD001,SSD,Samsung,1,True
2026-04-10,5,SSD001,SSD,Samsung,3,True
2026-04-11,5,SSD001,SSD,Samsung,1,True
2026-04-12,5,SSD001,SSD,Samsung,2,True
2026-04-13,5,SSD001,SSD,Samsung,1,True
2026-04-14,5,SSD001,SSD,Samsung,1,True
2026-04-15,5,SSD001,SSD,Samsung,0,True
2026-04-16,5,SSD001,SSD,Samsung,1,True
2026-04-17,5,SSD001,SSD,Samsung,0,True
2026-04-18,5,SSD001,SSD,Samsung,2,True
2026-04-19,5,SSD001,SSD,Samsung,5,True
2026-04-20,5,SSD001,SSD,Samsung,0,True
2026-04-21,5,SSD001,SSD,Samsung,4,True
2026-04-22,5,SSD001,SSD,Samsung,1,True
2026-04-23,5,SSD001,SSD,Samsung,1,True
2026-04-24,5,SSD001,SSD,Samsung,3,True
2026-04-25,5,SSD001,SSD,Samsung,1,True
2026-04-26,5,SSD001,SSD,Samsung,1,True
2026-04-27,5,SSD001,SSD,Samsung,0,True
2026-04-28,5,SSD001,SSD,Samsung,0,True
2026-04-29,5,SSD001,SSD,Samsung,2,True
2026-04-30,5,SSD001,SSD,Samsung,1,True
2026-05-01,5,SSD001,SSD,Samsung,0,True
2026-05-02,5,SSD001,SSD,Samsung,1,True
2026-05-03,5,SSD001,SSD,Samsung,2,True
2026-05-04,5,SSD001,SSD,Samsung,3,True
2026-05-05,5,SSD001,SSD,Samsung,3,True
2026-05-06,5,SSD001,SSD,Samsung,1,True
2026-05-07,5,SSD001,SSD,Samsung,0,True
2026-05-08,5,SSD001,SSD,Samsung,4,True
2026-05-09,5,SSD001,SSD,Samsung,2,True
2026-05-10,5,SSD001,SSD,Samsung,1,True
2026-05-11,5,SSD001,SSD,Samsung,2,True
2026-05-12,5,SSD001,SSD,Samsung,2,True
2026-05-13,5,SSD001,SSD,Samsung,0,True
2026-05-14,5,SSD001,SSD,Samsung,1,True
2026-05-15,5,SSD001,SSD,Samsung,0,True
2026-05-16,5,SSD001,SSD,Samsung,0,True
2026-05-17,5,SSD001,SSD,Samsung,1,True
2026-05-18,5,SSD001,SSD,Samsung,1,True
2026-05-19,5,SSD001,SSD,Samsung,2,True
2026-05-20,5,SSD001,SSD,Samsung,0,True
2026-05-21,5,SSD001,SSD,Samsung,1,True
2026-05-22,5,SSD001,SSD,Samsung,1,True
2026-05-23,5,SSD001,SSD,Samsung,1,True
2026-05-24,5,SSD001,SSD,Samsung,1,True
2026-05-25,5,SSD001,SSD,Samsung,0,True
2026-05-26,5,SSD001,SSD,Samsung,3,True
2026-05-27,5,SSD001,SSD,Samsung,0,True
2026-05-28,5,SSD001,SSD,Samsung,0,True
2026-05-29,5,SSD001,SSD,Samsung,5,True
2026-05-30,5,SSD001,SSD,Samsung,1,True
2026-05-31,5,SSD001,SSD,Samsung,1,True
2026-06-01,5,SSD001,SSD,Samsung,1,True
2026-06-02,5,SSD001,SSD,Samsung,1,True
2026-06-03,5,SSD001,SSD,Samsung,1,True
2026-06-04,5,SSD001,SSD,Samsung,2,True
2026-06-05,5,SSD001,SSD,Samsung,2,True
2026-06-06,5,SSD001,SSD,Samsung,4,True
2026-06-07,5,SSD001,SSD,Samsung,2,True
2026-06-08,5,SSD001,SSD,Samsung,0,True
2026-06-09,5,SSD001,SSD,Samsung,3,True
2026-06-10,5,SSD001,SSD,Samsung,3,True
2026-06-11,5,SSD001,SSD,Samsung,1,True
2026-06-12,5,SSD001,SSD,Samsung,1,True
2026-06-13,5,SSD001,SSD,Samsung,0,True
2026-06-14,5,SSD001,SSD,Samsung,1,True
2026-06-15,5,SSD001,SSD,Samsung,1,True
2026-06-16,5,SSD001,SSD,Samsung,0,True
2026-06-17,5,SSD001,SSD,Samsung,3,True
2026-06-18,5,SSD001,SSD,Samsung,2,True
2026-06-19,5,SSD001,SSD,Samsung,0,True
2026-06-20,5,SSD001,SSD,Samsung,1,True
2026-06-21,5,SSD001,SSD,Samsung,4,True
2026-06-22,5,SSD001,SSD,Samsung,3,True
2026-06-23,5,SSD001,SSD,Samsung,0,True
2026-06-24,5,SSD001,SSD,Samsung,4,True
2026-06-25,5,SSD001,SSD,Samsung,0,True
2026-06-26,5,SSD001,SSD,Samsung,1,True
2026-06-27,5,SSD001,SSD,Samsung,2,True
2026-06-28,5,SSD001,SSD,Samsung,0,True
2026-06-29,5,SSD001,SSD,Samsung,0,True
2026-06-30,5,SSD001,SSD,Samsung,1,True
2026-07-01,5,SSD001,SSD,Samsung,1,True
2026-07-02,5,SSD001,SSD,Samsung,0,True
2026-07-03,5,SSD001,SSD,Samsung,2,True
2026-07-04,5,SSD001,SSD,Samsung,0,True
2026-07-05,5,SSD001,SSD,Samsung,0,True
2026-07-06,5,SSD001,SSD,Samsung,0,True
2026-07-07,5,SSD001,SSD,Samsung,1,True
2026-07-08,5,SSD001,SSD,Samsung,0,True
2026-07-09,5,SSD001,SSD,Samsung,0,True
2026-07-10,5,SSD001,SSD,Samsung,1,True
2026-07-11,5,SSD001,SSD,Samsung,1,True
2026-07-12,5,SSD001,SSD,Samsung,2,True
2026-07-13,5,SSD001,SSD,Samsung,2,True
2026-07-14,5,SSD001,SSD,Samsung,1,True
2026-07-15,5,SSD001,SSD,Samsung,2,True
2026-07-16,5,SSD001,SSD,Samsung,1,True
2026-07-17,5,SSD001,SSD,Samsung,1,True
2026-07-18,5,SSD001,SSD,Samsung,1,True
2026-07-19,5,SSD001,SSD,Samsung,1,True
2026-07-20,5,SSD001,SSD,Samsung,2,True
2026-07-21,5,SSD001,SSD,Samsung,1,True
2026-07-22,5,SSD001,SSD,Samsung,1,True
2026-07-23,5,SSD001,SSD,Samsung,4,True
2026-07-24,5,SSD001,SSD,Samsung,2,True
2026-07-25,5,SSD001,SSD,Samsung,0,True
2026-07-26,5,SSD001,SSD,Samsung,0,True
2026-07-27,5,SSD001,SSD,Samsung,1,True
2026-07-28,5,SSD001,SSD,Samsung,1,True
2026-07-29,5,SSD001,SSD,Samsung,1,True
2026-07-30,5,SSD001,SSD,Samsung,2,True
2026-07-31,5,SSD001,SSD,Samsung,2,True
2026-08-01,5,SSD001,SSD,Samsung,3,True
2026-08-02,5,SSD001,SSD,Samsung,2,True
2026-08-03,5,SSD001,SSD,Samsung,0,True
2026-08-04,5,SSD001,SSD,Samsung,1,True
2026-08-05,5,SSD001,SSD,Samsung,0,True
2026-08-06,5,SSD001,SSD,Samsung,2,True
2026-08-07,5,SSD001,SSD,Samsung,2,True
2026-08-08,5,SSD001,SSD,Samsung,1,True
2026-08-09,5,SSD001,SSD,Samsung,1,True
2026-08-10,5,SSD001,SSD,Samsung,2,True
2026-08-11,5,SSD001,SSD,Samsung,1,True
2026-08-12,5,SSD001,SSD,Samsung,1,True
2026-08-13,5,SSD001,SSD,Samsung,1,True
2026-08-14,5,SSD001,SSD,Samsung,2,True
2026-08-15,5,SSD001,SSD,Samsung,0,True
2026-08-16,5,SSD001,SSD,Samsung,1,True
2026-08-17,5,SSD001,SSD,Samsung,1,True
2026-08-18,5,SSD001,SSD,Samsung,1,True
2026-08-19,5,SSD001,SSD,Samsung,0,True
2026-08-20,5,SSD001,SSD,Samsung,3,True
2026-08-21,5,SSD001,SSD,Samsung,0,True
2026-08-22,5,SSD001,SSD,Samsung,0,True
2026-08-23,5,SSD001,SSD,Samsung,2,True
2026-08-24,5,SSD001,SSD,Samsung,0,True
2026-08-25,5,SSD001,SSD,Samsung,0,True
2026-08-26,5,SSD001,SSD,Samsung,3,True
2026-08-27,5,SSD001,SSD,Samsung,3,True
2026-08-28,5,SSD001,SSD,Samsung,0,True
2026-08-29,5,SSD001,SSD,Samsung,3,True
2026-08-30,5,SSD001,SSD,Samsung,2,True
2026-08-31,5,SSD001,SSD,Samsung,0,True
2025-03-01,6,PSU001,PSU,Corsair,1,True
2025-03-02,6,PSU001,PSU,Corsair,2,True
2025-03-03,6,PSU001,PSU,Corsair,1,True
2025-03-04,6,PSU001,PSU,Corsair,1,True
2025-03-05,6,PSU001,PSU,Corsair,1,True
2025-03-06,6,PSU001,PSU,Corsair,0,True
2025-03-07,6,PSU001,PSU,Corsair,1,True
2025-03-08,6,PSU001,PSU,Corsair,0,True
2025-03-09,6,PSU001,PSU,Corsair,1,True
2025-03-10,6,PSU001,PSU,Corsair,0,True
2025-03-11,6,PSU001,PSU,Corsair,1,True
2025-03-12,6,PSU001,PSU,Corsair,0,True
2025-03-13,6,PSU001,PSU,Corsair,2,True
2025-03-14,6,PSU001,PSU,Corsair,0,True
2025-03-15,6,PSU001,PSU,Corsair,0,True
2025-03-16,6,PSU001,PSU,Corsair,0,True
2025-03-17,6,PSU001,PSU,Corsair,2,True
2025-03-18,6,PSU001,PSU,Corsair,0,True
2025-03-19,6,PSU001,PSU,Corsair,1,True
2025-03-20,6,PSU001,PSU,Corsair,1,True
2025-03-21,6,PSU001,PSU,Corsair,0,True
2025-03-22,6,PSU001,PSU,Corsair,0,True
2025-03-23,6,PSU001,PSU,Corsair,1,True
2025-03-24,6,PSU001,PSU,Corsair,1,True
2025-03-25,6,PSU001,PSU,Corsair,2,True
2025-03-26,6,PSU001,PSU,Corsair,1,True
2025-03-27,6,PSU001,PSU,Corsair,0,True
2025-03-28,6,PSU001,PSU,Corsair,1,True
2025-03-29,6,PSU001,PSU,Corsair,1,True
2025-03-30,6,PSU001,PSU,Corsair,0,True
2025-03-31,6,PSU001,PSU,Corsair,1,True
2025-04-01,6,PSU001,PSU,Corsair,3,True
2025-04-02,6,PSU001,PSU,Corsair,1,True
2025-04-03,6,PSU001,PSU,Corsair,0,True
2025-04-04,6,PSU001,PSU,Corsair,1,True
2025-04-05,6,PSU001,PSU,Corsair,0,True
2025-04-06,6,PSU001,PSU,Corsair,2,True
2025-04-07,6,PSU001,PSU,Corsair,1,True
2025-04-08,6,PSU001,PSU,Corsair,2,True
2025-04-09,6,PSU001,PSU,Corsair,0,True
2025-04-10,6,PSU001,PSU,Corsair,2,True
2025-04-11,6,PSU001,PSU,Corsair,1,True
2025-04-12,6,PSU001,PSU,Corsair,2,True
2025-04-13,6,PSU001,PSU,Corsair,4,True
2025-04-14,6,PSU001,PSU,Corsair,4,True
2025-04-15,6,PSU001,PSU,Corsair,1,True
2025-04-16,6,PSU001,PSU,Corsair,2,True
2025-04-17,6,PSU001,PSU,Corsair,0,True
2025-04-18,6,PSU001,PSU,Corsair,0,True
2025-04-19,6,PSU001,PSU,Corsair,1,True
2025-04-20,6,PSU001,PSU,Corsair,0,True
2025-04-21,6,PSU001,PSU,Corsair,2,True
2025-04-22,6,PSU001,PSU,Corsair,2,True
2025-04-23,6,PSU001,PSU,Corsair,1,True
2025-04-24,6,PSU001,PSU,Corsair,1,True
2025-04-25,6,PSU001,PSU,Corsair,0,True
2025-04-26,6,PSU001,PSU,Corsair,4,True
2025-04-27,6,PSU001,PSU,Corsair,2,True
2025-04-28,6,PSU001,PSU,Corsair,2,True
2025-04-29,6,PSU001,PSU,Corsair,1,True
2025-04-30,6,PSU001,PSU,Corsair,0,True
2025-05-01,6,PSU001,PSU,Corsair,0,True
2025-05-02,6,PSU001,PSU,Corsair,1,True
2025-05-03,6,PSU001,PSU,Corsair,1,True
2025-05-04,6,PSU001,PSU,Corsair,0,True
2025-05-05,6,PSU001,PSU,Corsair,1,True
2025-05-06,6,PSU001,PSU,Corsair,0,True
2025-05-07,6,PSU001,PSU,Corsair,0,True
2025-05-08,6,PSU001,PSU,Corsair,1,True
2025-05-09,6,PSU001,PSU,Corsair,0,True
2025-05-10,6,PSU001,PSU,Corsair,4,True
2025-05-11,6,PSU001,PSU,Corsair,1,True
2025-05-12,6,PSU001,PSU,Corsair,0,True
2025-05-13,6,PSU001,PSU,Corsair,1,True
2025-05-14,6,PSU001,PSU,Corsair,2,True
2025-05-15,6,PSU001,PSU,Corsair,1,True
2025-05-16,6,PSU001,PSU,Corsair,2,True
2025-05-17,6,PSU001,PSU,Corsair,1,True
2025-05-18,6,PSU001,PSU,Corsair,1,True
2025-05-19,6,PSU001,PSU,Corsair,2,True
2025-05-20,6,PSU001,PSU,Corsair,1,True
2025-05-21,6,PSU001,PSU,Corsair,4,True
2025-05-22,6,PSU001,PSU,Corsair,4,True
2025-05-23,6,PSU001,PSU,Corsair,0,True
2025-05-24,6,PSU001,PSU,Corsair,1,True
2025-05-25,6,PSU001,PSU,Corsair,0,True
2025-05-26,6,PSU001,PSU,Corsair,1,True
2025-05-27,6,PSU001,PSU,Corsair,1,True
2025-05-28,6,PSU001,PSU,Corsair,2,True
2025-05-29,6,PSU001,PSU,Corsair,0,True
2025-05-30,6,PSU001,PSU,Corsair,3,True
2025-05-31,6,PSU001,PSU,Corsair,1,True
2025-06-01,6,PSU001,PSU,Corsair,1,True
2025-06-02,6,PSU001,PSU,Corsair,0,True
2025-06-03,6,PSU001,PSU,Corsair,0,True
2025-06-04,6,PSU001,PSU,Corsair,0,True
2025-06-05,6,PSU001,PSU,Corsair,0,True
2025-06-06,6,PSU001,PSU,Corsair,0,True
2025-06-07,6,PSU001,PSU,Corsair,0,True
2025-06-08,6,PSU001,PSU,Corsair,0,True
2025-06-09,6,PSU001,PSU,Corsair,2,True
2025-06-10,6,PSU001,PSU,Corsair,1,True
2025-06-11,6,PSU001,PSU,Corsair,1,True
2025-06-12,6,PSU001,PSU,Corsair,1,True
2025-06-13,6,PSU001,PSU,Corsair,0,True
2025-06-14,6,PSU001,PSU,Corsair,0,True
2025-06-15,6,PSU001,PSU,Corsair,4,True
2025-06-16,6,PSU001,PSU,Corsair,0,True
2025-06-17,6,PSU001,PSU,Corsair,1,True
2025-06-18,6,PSU001,PSU,Corsair,1,True
2025-06-19,6,PSU001,PSU,Corsair,2,True
2025-06-20,6,PSU001,PSU,Corsair,3,True
2025-06-21,6,PSU001,PSU,Corsair,0,True
2025-06-22,6,PSU001,PSU,Corsair,0,True
2025-06-23,6,PSU001,PSU,Corsair,1,True
2025-06-24,6,PSU001,PSU,Corsair,0,True
2025-06-25,6,PSU001,PSU,Corsair,1,True
2025-06-26,6,PSU001,PSU,Corsair,0,True
2025-06-27,6,PSU001,PSU,Corsair,2,True
2025-06-28,6,PSU001,PSU,Corsair,0,True
2025-06-29,6,PSU001,PSU,Corsair,0,True
2025-06-30,6,PSU001,PSU,Corsair,0,True
2025-07-01,6,PSU001,PSU,Corsair,0,True
2025-07-02,6,PSU001,PSU,Corsair,0,True
2025-07-03,6,PSU001,PSU,Corsair,0,True
2025-07-04,6,PSU001,PSU,Corsair,1,True
2025-07-05,6,PSU001,PSU,Corsair,1,True
2025-07-06,6,PSU001,PSU,Corsair,0,True
2025-07-07,6,PSU001,PSU,Corsair,0,True
2025-07-08,6,PSU001,PSU,Corsair,1,True
2025-07-09,6,PSU001,PSU,Corsair,3,True
2025-07-10,6,PSU001,PSU,Corsair,6,True
2025-07-11,6,PSU001,PSU,Corsair,1,True
2025-07-12,6,PSU001,PSU,Corsair,2,True
2025-07-13,6,PSU001,PSU,Corsair,2,True
2025-07-14,6,PSU001,PSU,Corsair,0,True
2025-07-15,6,PSU001,PSU,Corsair,1,True
2025-07-16,6,PSU001,PSU,Corsair,0,True
2025-07-17,6,PSU001,PSU,Corsair,1,True
2025-07-18,6,PSU001,PSU,Corsair,0,True
2025-07-19,6,PSU001,PSU,Corsair,1,True
2025-07-20,6,PSU001,PSU,Corsair,2,True
2025-07-21,6,PSU001,PSU,Corsair,1,True
2025-07-22,6,PSU001,PSU,Corsair,1,True
2025-07-23,6,PSU001,PSU,Corsair,0,True
2025-07-24,6,PSU001,PSU,Corsair,0,True
2025-07-25,6,PSU001,PSU,Corsair,2,True
2025-07-26,6,PSU001,PSU,Corsair,1,True
2025-07-27,6,PSU001,PSU,Corsair,1,True
2025-07-28,6,PSU001,PSU,Corsair,1,True
2025-07-29,6,PSU001,PSU,Corsair,2,True
2025-07-30,6,PSU001,PSU,Corsair,1,True
2025-07-31,6,PSU001,PSU,Corsair,0,True
2025-08-01,6,PSU001,PSU,Corsair,1,True
2025-08-02,6,PSU001,PSU,Corsair,2,True
2025-08-03,6,PSU001,PSU,Corsair,2,True
2025-08-04,6,PSU001,PSU,Corsair,0,True
2025-08-05,6,PSU001,PSU,Corsair,0,True
2025-08-06,6,PSU001,PSU,Corsair,1,True
2025-08-07,6,PSU001,PSU,Corsair,6,True
2025-08-08,6,PSU001,PSU,Corsair,0,True
2025-08-09,6,PSU001,PSU,Corsair,0,True
2025-08-10,6,PSU001,PSU,Corsair,0,True
2025-08-11,6,PSU001,PSU,Corsair,1,True
2025-08-12,6,PSU001,PSU,Corsair,0,True
2025-08-13,6,PSU001,PSU,Corsair,2,True
2025-08-14,6,PSU001,PSU,Corsair,0,True
2025-08-15,6,PSU001,PSU,Corsair,2,True
2025-08-16,6,PSU001,PSU,Corsair,2,True
2025-08-17,6,PSU001,PSU,Corsair,1,True
2025-08-18,6,PSU001,PSU,Corsair,1,True
2025-08-19,6,PSU001,PSU,Corsair,0,True
2025-08-20,6,PSU001,PSU,Corsair,0,True
2025-08-21,6,PSU001,PSU,Corsair,0,True
2025-08-22,6,PSU001,PSU,Corsair,1,True
2025-08-23,6,PSU001,PSU,Corsair,2,True
2025-08-24,6,PSU001,PSU,Corsair,0,True
2025-08-25,6,PSU001,PSU,Corsair,3,True
2025-08-26,6,PSU001,PSU,Corsair,0,True
2025-08-27,6,PSU001,PSU,Corsair,2,True
2025-08-28,6,PSU001,PSU,Corsair,1,True
2025-08-29,6,PSU001,PSU,Corsair,4,True
2025-08-30,6,PSU001,PSU,Corsair,0,True
2025-08-31,6,PSU001,PSU,Corsair,3,True
2025-09-01,6,PSU001,PSU,Corsair,0,True
2025-09-02,6,PSU001,PSU,Corsair,1,True
2025-09-03,6,PSU001,PSU,Corsair,0,True
2025-09-04,6,PSU001,PSU,Corsair,2,True
2025-09-05,6,PSU001,PSU,Corsair,0,True
2025-09-06,6,PSU001,PSU,Corsair,1,True
2025-09-07,6,PSU001,PSU,Corsair,1,True
2025-09-08,6,PSU001,PSU,Corsair,0,True
2025-09-09,6,PSU001,PSU,Corsair,2,True
2025-09-10,6,PSU001,PSU,Corsair,0,True
2025-09-11,6,PSU001,PSU,Corsair,1,True
2025-09-12,6,PSU001,PSU,Corsair,2,True
2025-09-13,6,PSU001,PSU,Corsair,1,True
2025-09-14,6,PSU001,PSU,Corsair,4,True
2025-09-15,6,PSU001,PSU,Corsair,0,True
2025-09-16,6,PSU001,PSU,Corsair,1,True
2025-09-17,6,PSU001,PSU,Corsair,0,True
2025-09-18,6,PSU001,PSU,Corsair,1,True
2025-09-19,6,PSU001,PSU,Corsair,2,True
2025-09-20,6,PSU001,PSU,Corsair,0,True
2025-09-21,6,PSU001,PSU,Corsair,0,True
2025-09-22,6,PSU001,PSU,Corsair,0,True
2025-09-23,6,PSU001,PSU,Corsair,0,True
2025-09-24,6,PSU001,PSU,Corsair,0,True
2025-09-25,6,PSU001,PSU,Corsair,1,True
2025-09-26,6,PSU001,PSU,Corsair,2,True
2025-09-27,6,PSU001,PSU,Corsair,1,True
2025-09-28,6,PSU001,PSU,Corsair,0,True
2025-09-29,6,PSU001,PSU,Corsair,0,True
2025-09-30,6,PSU001,PSU,Corsair,2,True
2025-10-01,6,PSU001,PSU,Corsair,1,True
2025-10-02,6,PSU001,PSU,Corsair,1,True
2025-10-03,6,PSU001,PSU,Corsair,0,True
2025-10-04,6,PSU001,PSU,Corsair,2,True
2025-10-05,6,PSU001,PSU,Corsair,0,True
2025-10-06,6,PSU001,PSU,Corsair,0,True
2025-10-07,6,PSU001,PSU,Corsair,0,True
2025-10-08,6,PSU001,PSU,Corsair,3,True
2025-10-09,6,PSU001,PSU,Corsair,0,True
2025-10-10,6,PSU001,PSU,Corsair,0,True
2025-10-11,6,PSU001,PSU,Corsair,1,True
2025-10-12,6,PSU001,PSU,Corsair,0,True
2025-10-13,6,PSU001,PSU,Corsair,2,True
2025-10-14,6,PSU001,PSU,Corsair,0,True
2025-10-15,6,PSU001,PSU,Corsair,1,True
2025-10-16,6,PSU001,PSU,Corsair,0,True
2025-10-17,6,PSU001,PSU,Corsair,0,True
2025-10-18,6,PSU001,PSU,Corsair,1,True
2025-10-19,6,PSU001,PSU,Corsair,0,True
2025-10-20,6,PSU001,PSU,Corsair,2,True
2025-10-21,6,PSU001,PSU,Corsair,1,True
2025-10-22,6,PSU001,PSU,Corsair,1,True
2025-10-23,6,PSU001,PSU,Corsair,0,True
2025-10-24,6,PSU001,PSU,Corsair,0,True
2025-10-25,6,PSU001,PSU,Corsair,0,True
2025-10-26,6,PSU001,PSU,Corsair,3,True
2025-10-27,6,PSU001,PSU,Corsair,3,True
2025-10-28,6,PSU001,PSU,Corsair,3,True
2025-10-29,6,PSU001,PSU,Corsair,0,True
2025-10-30,6,PSU001,PSU,Corsair,1,True
2025-10-31,6,PSU001,PSU,Corsair,1,True
2025-11-01,6,PSU001,PSU,Corsair,0,True
2025-11-02,6,PSU001,PSU,Corsair,2,True
2025-11-03,6,PSU001,PSU,Corsair,0,True
2025-11-04,6,PSU001,PSU,Corsair,0,True
2025-11-05,6,PSU001,PSU,Corsair,0,True
2025-11-06,6,PSU001,PSU,Corsair,3,True
2025-11-07,6,PSU001,PSU,Corsair,0,True
2025-11-08,6,PSU001,PSU,Corsair,1,True
2025-11-09,6,PSU001,PSU,Corsair,2,True
2025-11-10,6,PSU001,PSU,Corsair,0,True
2025-11-11,6,PSU001,PSU,Corsair,1,True
2025-11-12,6,PSU001,PSU,Corsair,0,True
2025-11-13,6,PSU001,PSU,Corsair,2,True
2025-11-14,6,PSU001,PSU,Corsair,0,True
2025-11-15,6,PSU001,PSU,Corsair,1,True
2025-11-16,6,PSU001,PSU,Corsair,2,True
2025-11-17,6,PSU001,PSU,Corsair,0,True
2025-11-18,6,PSU001,PSU,Corsair,3,True
2025-11-19,6,PSU001,PSU,Corsair,2,True
2025-11-20,6,PSU001,PSU,Corsair,2,True
2025-11-21,6,PSU001,PSU,Corsair,1,True
2025-11-22,6,PSU001,PSU,Corsair,1,True
2025-11-23,6,PSU001,PSU,Corsair,1,True
2025-11-24,6,PSU001,PSU,Corsair,1,True
2025-11-25,6,PSU001,PSU,Corsair,1,True
2025-11-26,6,PSU001,PSU,Corsair,2,True
2025-11-27,6,PSU001,PSU,Corsair,2,True
2025-11-28,6,PSU001,PSU,Corsair,0,True
2025-11-29,6,PSU001,PSU,Corsair,1,True
2025-11-30,6,PSU001,PSU,Corsair,2,True
2025-12-01,6,PSU001,PSU,Corsair,1,True
2025-12-02,6,PSU001,PSU,Corsair,3,True
2025-12-03,6,PSU001,PSU,Corsair,2,True
2025-12-04,6,PSU001,PSU,Corsair,1,True
2025-12-05,6,PSU001,PSU,Corsair,1,True
2025-12-06,6,PSU001,PSU,Corsair,0,True
2025-12-07,6,PSU001,PSU,Corsair,2,True
2025-12-08,6,PSU001,PSU,Corsair,1,True
2025-12-09,6,PSU001,PSU,Corsair,2,True
2025-12-10,6,PSU001,PSU,Corsair,1,True
2025-12-11,6,PSU001,PSU,Corsair,1,True
2025-12-12,6,PSU001,PSU,Corsair,2,True
2025-12-13,6,PSU001,PSU,Corsair,0,True
2025-12-14,6,PSU001,PSU,Corsair,2,True
2025-12-15,6,PSU001,PSU,Corsair,0,True
2025-12-16,6,PSU001,PSU,Corsair,1,True
2025-12-17,6,PSU001,PSU,Corsair,1,True
2025-12-18,6,PSU001,PSU,Corsair,1,True
2025-12-19,6,PSU001,PSU,Corsair,3,True
2025-12-20,6,PSU001,PSU,Corsair,1,True
2025-12-21,6,PSU001,PSU,Corsair,3,True
2025-12-22,6,PSU001,PSU,Corsair,1,True
2025-12-23,6,PSU001,PSU,Corsair,2,True
2025-12-24,6,PSU001,PSU,Corsair,1,True
2025-12-25,6,PSU001,PSU,Corsair,1,True
2025-12-26,6,PSU001,PSU,Corsair,2,True
2025-12-27,6,PSU001,PSU,Corsair,0,True
2025-12-28,6,PSU001,PSU,Corsair,0,True
2025-12-29,6,PSU001,PSU,Corsair,1,True
2025-12-30,6,PSU001,PSU,Corsair,3,True
2025-12-31,6,PSU001,PSU,Corsair,0,True
2026-01-01,6,PSU001,PSU,Corsair,0,True
2026-01-02,6,PSU001,PSU,Corsair,1,True
2026-01-03,6,PSU001,PSU,Corsair,0,True
2026-01-04,6,PSU001,PSU,Corsair,1,True
2026-01-05,6,PSU001,PSU,Corsair,1,True
2026-01-06,6,PSU001,PSU,Corsair,0,True
2026-01-07,6,PSU001,PSU,Corsair,2,True
2026-01-08,6,PSU001,PSU,Corsair,1,True
2026-01-09,6,PSU001,PSU,Corsair,0,True
2026-01-10,6,PSU001,PSU,Corsair,2,True
2026-01-11,6,PSU001,PSU,Corsair,0,True
2026-01-12,6,PSU001,PSU,Corsair,0,True
2026-01-13,6,PSU001,PSU,Corsair,1,True
2026-01-14,6,PSU001,PSU,Corsair,2,True
2026-01-15,6,PSU001,PSU,Corsair,0,True
2026-01-16,6,PSU001,PSU,Corsair,1,True
2026-01-17,6,PSU001,PSU,Corsair,1,True
2026-01-18,6,PSU001,PSU,Corsair,1,True
2026-01-19,6,PSU001,PSU,Corsair,0,True
2026-01-20,6,PSU001,PSU,Corsair,2,True
2026-01-21,6,PSU001,PSU,Corsair,1,True
2026-01-22,6,PSU001,PSU,Corsair,1,True
2026-01-23,6,PSU001,PSU,Corsair,2,True
2026-01-24,6,PSU001,PSU,Corsair,0,True
2026-01-25,6,PSU001,PSU,Corsair,2,True
2026-01-26,6,PSU001,PSU,Corsair,0,True
2026-01-27,6,PSU001,PSU,Corsair,2,True
2026-01-28,6,PSU001,PSU,Corsair,1,True
2026-01-29,6,PSU001,PSU,Corsair,2,True
2026-01-30,6,PSU001,PSU,Corsair,1,True
2026-01-31,6,PSU001,PSU,Corsair,3,True
2026-02-01,6,PSU001,PSU,Corsair,1,True
2026-02-02,6,PSU001,PSU,Corsair,0,True
2026-02-03,6,PSU001,PSU,Corsair,0,True
2026-02-04,6,PSU001,PSU,Corsair,2,True
2026-02-05,6,PSU001,PSU,Corsair,2,True
2026-02-06,6,PSU001,PSU,Corsair,0,True
2026-02-07,6,PSU001,PSU,Corsair,1,True
2026-02-08,6,PSU001,PSU,Corsair,2,True
2026-02-09,6,PSU001,PSU,Corsair,0,True
2026-02-10,6,PSU001,PSU,Corsair,1,True
2026-02-11,6,PSU001,PSU,Corsair,2,True
2026-02-12,6,PSU001,PSU,Corsair,1,True
2026-02-13,6,PSU001,PSU,Corsair,1,True
2026-02-14,6,PSU001,PSU,Corsair,0,True
2026-02-15,6,PSU001,PSU,Corsair,1,True
2026-02-16,6,PSU001,PSU,Corsair,0,True
2026-02-17,6,PSU001,PSU,Corsair,2,True
2026-02-18,6,PSU001,PSU,Corsair,0,True
2026-02-19,6,PSU001,PSU,Corsair,1,True
2026-02-20,6,PSU001,PSU,Corsair,1,True
2026-02-21,6,PSU001,PSU,Corsair,1,True
2026-02-22,6,PSU001,PSU,Corsair,0,True
2026-02-23,6,PSU001,PSU,Corsair,1,True
2026-02-24,6,PSU001,PSU,Corsair,1,True
2026-02-25,6,PSU001,PSU,Corsair,0,True
2026-02-26,6,PSU001,PSU,Corsair,4,True
2026-02-27,6,PSU001,PSU,Corsair,1,True
2026-02-28,6,PSU001,PSU,Corsair,1,True
2026-03-01,6,PSU001,PSU,Corsair,1,True
2026-03-02,6,PSU001,PSU,Corsair,1,True
2026-03-03,6,PSU001,PSU,Corsair,2,True
2026-03-04,6,PSU001,PSU,Corsair,2,True
2026-03-05,6,PSU001,PSU,Corsair,0,True
2026-03-06,6,PSU001,PSU,Corsair,2,True
2026-03-07,6,PSU001,PSU,Corsair,3,True
2026-03-08,6,PSU001,PSU,Corsair,2,True
2026-03-09,6,PSU001,PSU,Corsair,4,True
2026-03-10,6,PSU001,PSU,Corsair,1,True
2026-03-11,6,PSU001,PSU,Corsair,1,True
2026-03-12,6,PSU001,PSU,Corsair,0,True
2026-03-13,6,PSU001,PSU,Corsair,0,True
2026-03-14,6,PSU001,PSU,Corsair,2,True
2026-03-15,6,PSU001,PSU,Corsair,3,True
2026-03-16,6,PSU001,PSU,Corsair,0,True
2026-03-17,6,PSU001,PSU,Corsair,0,True
2026-03-18,6,PSU001,PSU,Corsair,0,True
2026-03-19,6,PSU001,PSU,Corsair,0,True
2026-03-20,6,PSU001,PSU,Corsair,2,True
2026-03-21,6,PSU001,PSU,Corsair,0,True
2026-03-22,6,PSU001,PSU,Corsair,3,True
2026-03-23,6,PSU001,PSU,Corsair,3,True
2026-03-24,6,PSU001,PSU,Corsair,2,True
2026-03-25,6,PSU001,PSU,Corsair,1,True
2026-03-26,6,PSU001,PSU,Corsair,4,True
2026-03-27,6,PSU001,PSU,Corsair,1,True
2026-03-28,6,PSU001,PSU,Corsair,3,True
2026-03-29,6,PSU001,PSU,Corsair,1,True
2026-03-30,6,PSU001,PSU,Corsair,1,True
2026-03-31,6,PSU001,PSU,Corsair,1,True
2026-04-01,6,PSU001,PSU,Corsair,0,True
2026-04-02,6,PSU001,PSU,Corsair,0,True
2026-04-03,6,PSU001,PSU,Corsair,5,True
2026-04-04,6,PSU001,PSU,Corsair,0,True
2026-04-05,6,PSU001,PSU,Corsair,1,True
2026-04-06,6,PSU001,PSU,Corsair,1,True
2026-04-07,6,PSU001,PSU,Corsair,2,True
2026-04-08,6,PSU001,PSU,Corsair,2,True
2026-04-09,6,PSU001,PSU,Corsair,2,True
2026-04-10,6,PSU001,PSU,Corsair,0,True
2026-04-11,6,PSU001,PSU,Corsair,0,True
2026-04-12,6,PSU001,PSU,Corsair,2,True
2026-04-13,6,PSU001,PSU,Corsair,1,True
2026-04-14,6,PSU001,PSU,Corsair,0,True
2026-04-15,6,PSU001,PSU,Corsair,1,True
2026-04-16,6,PSU001,PSU,Corsair,2,True
2026-04-17,6,PSU001,PSU,Corsair,0,True
2026-04-18,6,PSU001,PSU,Corsair,1,True
2026-04-19,6,PSU001,PSU,Corsair,3,True
2026-04-20,6,PSU001,PSU,Corsair,1,True
2026-04-21,6,PSU001,PSU,Corsair,3,True
2026-04-22,6,PSU001,PSU,Corsair,0,True
2026-04-23,6,PSU001,PSU,Corsair,3,True
2026-04-24,6,PSU001,PSU,Corsair,0,True
2026-04-25,6,PSU001,PSU,Corsair,2,True
2026-04-26,6,PSU001,PSU,Corsair,1,True
2026-04-27,6,PSU001,PSU,Corsair,1,True
2026-04-28,6,PSU001,PSU,Corsair,0,True
2026-04-29,6,PSU001,PSU,Corsair,1,True
2026-04-30,6,PSU001,PSU,Corsair,1,True
2026-05-01,6,PSU001,PSU,Corsair,2,True
2026-05-02,6,PSU001,PSU,Corsair,1,True
2026-05-03,6,PSU001,PSU,Corsair,1,True
2026-05-04,6,PSU001,PSU,Corsair,2,True
2026-05-05,6,PSU001,PSU,Corsair,1,True
2026-05-06,6,PSU001,PSU,Corsair,1,True
2026-05-07,6,PSU001,PSU,Corsair,1,True
2026-05-08,6,PSU001,PSU,Corsair,3,True
2026-05-09,6,PSU001,PSU,Corsair,0,True
2026-05-10,6,PSU001,PSU,Corsair,1,True
2026-05-11,6,PSU001,PSU,Corsair,1,True
2026-05-12,6,PSU001,PSU,Corsair,3,True
2026-05-13,6,PSU001,PSU,Corsair,2,True
2026-05-14,6,PSU001,PSU,Corsair,1,True
2026-05-15,6,PSU001,PSU,Corsair,1,True
2026-05-16,6,PSU001,PSU,Corsair,0,True
2026-05-17,6,PSU001,PSU,Corsair,2,True
2026-05-18,6,PSU001,PSU,Corsair,0,True
2026-05-19,6,PSU001,PSU,Corsair,1,True
2026-05-20,6,PSU001,PSU,Corsair,1,True
2026-05-21,6,PSU001,PSU,Corsair,4,True
2026-05-22,6,PSU001,PSU,Corsair,2,True
2026-05-23,6,PSU001,PSU,Corsair,0,True
2026-05-24,6,PSU001,PSU,Corsair,3,True
2026-05-25,6,PSU001,PSU,Corsair,0,True
2026-05-26,6,PSU001,PSU,Corsair,0,True
2026-05-27,6,PSU001,PSU,Corsair,1,True
2026-05-28,6,PSU001,PSU,Corsair,0,True
2026-05-29,6,PSU001,PSU,Corsair,0,True
2026-05-30,6,PSU001,PSU,Corsair,3,True
2026-05-31,6,PSU001,PSU,Corsair,3,True
2026-06-01,6,PSU001,PSU,Corsair,0,True
2026-06-02,6,PSU001,PSU,Corsair,2,True
2026-06-03,6,PSU001,PSU,Corsair,0,True
2026-06-04,6,PSU001,PSU,Corsair,2,True
2026-06-05,6,PSU001,PSU,Corsair,2,True
2026-06-06,6,PSU001,PSU,Corsair,0,True
2026-06-07,6,PSU001,PSU,Corsair,1,True
2026-06-08,6,PSU001,PSU,Corsair,2,True
2026-06-09,6,PSU001,PSU,Corsair,5,True
2026-06-10,6,PSU001,PSU,Corsair,2,True
2026-06-11,6,PSU001,PSU,Corsair,3,True
2026-06-12,6,PSU001,PSU,Corsair,0,True
2026-06-13,6,PSU001,PSU,Corsair,3,True
2026-06-14,6,PSU001,PSU,Corsair,2,True
2026-06-15,6,PSU001,PSU,Corsair,2,True
2026-06-16,6,PSU001,PSU,Corsair,0,True
2026-06-17,6,PSU001,PSU,Corsair,0,True
2026-06-18,6,PSU001,PSU,Corsair,1,True
2026-06-19,6,PSU001,PSU,Corsair,0,True
2026-06-20,6,PSU001,PSU,Corsair,1,True
2026-06-21,6,PSU001,PSU,Corsair,1,True
2026-06-22,6,PSU001,PSU,Corsair,2,True
2026-06-23,6,PSU001,PSU,Corsair,2,True
2026-06-24,6,PSU001,PSU,Corsair,3,True
2026-06-25,6,PSU001,PSU,Corsair,2,True
2026-06-26,6,PSU001,PSU,Corsair,1,True
2026-06-27,6,PSU001,PSU,Corsair,3,True
2026-06-28,6,PSU001,PSU,Corsair,2,True
2026-06-29,6,PSU001,PSU,Corsair,1,True
2026-06-30,6,PSU001,PSU,Corsair,2,True
2026-07-01,6,PSU001,PSU,Corsair,0,True
2026-07-02,6,PSU001,PSU,Corsair,2,True
2026-07-03,6,PSU001,PSU,Corsair,4,True
2026-07-04,6,PSU001,PSU,Corsair,3,True
2026-07-05,6,PSU001,PSU,Corsair,0,True
2026-07-06,6,PSU001,PSU,Corsair,2,True
2026-07-07,6,PSU001,PSU,Corsair,0,True
2026-07-08,6,PSU001,PSU,Corsair,1,True
2026-07-09,6,PSU001,PSU,Corsair,0,True
2026-07-10,6,PSU001,PSU,Corsair,0,True
2026-07-11,6,PSU001,PSU,Corsair,1,True
2026-07-12,6,PSU001,PSU,Corsair,1,True
2026-07-13,6,PSU001,PSU,Corsair,0,True
2026-07-14,6,PSU001,PSU,Corsair,2,True
2026-07-15,6,PSU001,PSU,Corsair,1,True
2026-07-16,6,PSU001,PSU,Corsair,0,True
2026-07-17,6,PSU001,PSU,Corsair,0,True
2026-07-18,6,PSU001,PSU,Corsair,1,True
2026-07-19,6,PSU001,PSU,Corsair,2,True
2026-07-20,6,PSU001,PSU,Corsair,0,True
2026-07-21,6,PSU001,PSU,Corsair,3,True
2026-07-22,6,PSU001,PSU,Corsair,0,True
2026-07-23,6,PSU001,PSU,Corsair,1,True
2026-07-24,6,PSU001,PSU,Corsair,0,True
2026-07-25,6,PSU001,PSU,Corsair,0,True
2026-07-26,6,PSU001,PSU,Corsair,1,True
2026-07-27,6,PSU001,PSU,Corsair,2,True
2026-07-28,6,PSU001,PSU,Corsair,1,True
2026-07-29,6,PSU001,PSU,Corsair,1,True
2026-07-30,6,PSU001,PSU,Corsair,1,True
2026-07-31,6,PSU001,PSU,Corsair,0,True
2026-08-01,6,PSU001,PSU,Corsair,1,True
2026-08-02,6,PSU001,PSU,Corsair,2,True
2026-08-03,6,PSU001,PSU,Corsair,0,True
2026-08-04,6,PSU001,PSU,Corsair,0,True
2026-08-05,6,PSU001,PSU,Corsair,1,True
2026-08-06,6,PSU001,PSU,Corsair,0,True
2026-08-07,6,PSU001,PSU,Corsair,4,True
2026-08-08,6,PSU001,PSU,Corsair,1,True
2026-08-09,6,PSU001,PSU,Corsair,0,True
2026-08-10,6,PSU001,PSU,Corsair,1,True
2026-08-11,6,PSU001,PSU,Corsair,0,True
2026-08-12,6,PSU001,PSU,Corsair,0,True
2026-08-13,6,PSU001,PSU,Corsair,0,True
2026-08-14,6,PSU001,PSU,Corsair,0,True
2026-08-15,6,PSU001,PSU,Corsair,2,True
2026-08-16,6,PSU001,PSU,Corsair,0,True
2026-08-17,6,PSU001,PSU,Corsair,0,True
2026-08-18,6,PSU001,PSU,Corsair,2,True
2026-08-19,6,PSU001,PSU,Corsair,2,True
2026-08-20,6,PSU001,PSU,Corsair,3,True
2026-08-21,6,PSU001,PSU,Corsair,5,True
2026-08-22,6,PSU001,PSU,Corsair,2,True
2026-08-23,6,PSU001,PSU,Corsair,1,True
2026-08-24,6,PSU001,PSU,Corsair,2,True
2026-08-25,6,PSU001,PSU,Corsair,0,True
2026-08-26,6,PSU001,PSU,Corsair,0,True
2026-08-27,6,PSU001,PSU,Corsair,1,True
2026-08-28,6,PSU001,PSU,Corsair,0,True
2026-08-29,6,PSU001,PSU,Corsair,0,True
2026-08-30,6,PSU001,PSU,Corsair,2,True
2026-08-31,6,PSU001,PSU,Corsair,1,True
2025-03-01,7,CASE001,Case,NZXT,0,True
2025-03-02,7,CASE001,Case,NZXT,1,True
2025-03-03,7,CASE001,Case,NZXT,1,True
2025-03-04,7,CASE001,Case,NZXT,0,True
2025-03-05,7,CASE001,Case,NZXT,0,True
2025-03-06,7,CASE001,Case,NZXT,0,True
2025-03-07,7,CASE001,Case,NZXT,2,True
2025-03-08,7,CASE001,Case,NZXT,0,True
2025-03-09,7,CASE001,Case,NZXT,1,True
2025-03-10,7,CASE001,Case,NZXT,2,True
2025-03-11,7,CASE001,Case,NZXT,0,True
2025-03-12,7,CASE001,Case,NZXT,2,True
2025-03-13,7,CASE001,Case,NZXT,0,True
2025-03-14,7,CASE001,Case,NZXT,1,True
2025-03-15,7,CASE001,Case,NZXT,0,True
2025-03-16,7,CASE001,Case,NZXT,1,True
2025-03-17,7,CASE001,Case,NZXT,0,True
2025-03-18,7,CASE001,Case,NZXT,0,True
2025-03-19,7,CASE001,Case,NZXT,1,True
2025-03-20,7,CASE001,Case,NZXT,0,True
2025-03-21,7,CASE001,Case,NZXT,1,True
2025-03-22,7,CASE001,Case,NZXT,0,True
2025-03-23,7,CASE001,Case,NZXT,0,True
2025-03-24,7,CASE001,Case,NZXT,0,True
2025-03-25,7,CASE001,Case,NZXT,0,True
2025-03-26,7,CASE001,Case,NZXT,0,True
2025-03-27,7,CASE001,Case,NZXT,0,True
2025-03-28,7,CASE001,Case,NZXT,1,True
2025-03-29,7,CASE001,Case,NZXT,1,True
2025-03-30,7,CASE001,Case,NZXT,1,True
2025-03-31,7,CASE001,Case,NZXT,1,True
2025-04-01,7,CASE001,Case,NZXT,1,True
2025-04-02,7,CASE001,Case,NZXT,2,True
2025-04-03,7,CASE001,Case,NZXT,2,True
2025-04-04,7,CASE001,Case,NZXT,1,True
2025-04-05,7,CASE001,Case,NZXT,1,True
2025-04-06,7,CASE001,Case,NZXT,0,True
2025-04-07,7,CASE001,Case,NZXT,1,True
2025-04-08,7,CASE001,Case,NZXT,0,True
2025-04-09,7,CASE001,Case,NZXT,0,True
2025-04-10,7,CASE001,Case,NZXT,0,True
2025-04-11,7,CASE001,Case,NZXT,0,True
2025-04-12,7,CASE001,Case,NZXT,1,True
2025-04-13,7,CASE001,Case,NZXT,1,True
2025-04-14,7,CASE001,Case,NZXT,3,True
2025-04-15,7,CASE001,Case,NZXT,0,True
2025-04-16,7,CASE001,Case,NZXT,0,True
2025-04-17,7,CASE001,Case,NZXT,1,True
2025-04-18,7,CASE001,Case,NZXT,0,True
2025-04-19,7,CASE001,Case,NZXT,0,True
2025-04-20,7,CASE001,Case,NZXT,1,True
2025-04-21,7,CASE001,Case,NZXT,0,True
2025-04-22,7,CASE001,Case,NZXT,0,True
2025-04-23,7,CASE001,Case,NZXT,0,True
2025-04-24,7,CASE001,Case,NZXT,0,True
2025-04-25,7,CASE001,Case,NZXT,2,True
2025-04-26,7,CASE001,Case,NZXT,1,True
2025-04-27,7,CASE001,Case,NZXT,0,True
2025-04-28,7,CASE001,Case,NZXT,1,True
2025-04-29,7,CASE001,Case,NZXT,2,True
2025-04-30,7,CASE001,Case,NZXT,0,True
2025-05-01,7,CASE001,Case,NZXT,0,True
2025-05-02,7,CASE001,Case,NZXT,1,True
2025-05-03,7,CASE001,Case,NZXT,0,True
2025-05-04,7,CASE001,Case,NZXT,0,True
2025-05-05,7,CASE001,Case,NZXT,1,True
2025-05-06,7,CASE001,Case,NZXT,0,True
2025-05-07,7,CASE001,Case,NZXT,0,True
2025-05-08,7,CASE001,Case,NZXT,0,True
2025-05-09,7,CASE001,Case,NZXT,1,True
2025-05-10,7,CASE001,Case,NZXT,2,True
2025-05-11,7,CASE001,Case,NZXT,3,True
2025-05-12,7,CASE001,Case,NZXT,1,True
2025-05-13,7,CASE001,Case,NZXT,0,True
2025-05-14,7,CASE001,Case,NZXT,0,True
2025-05-15,7,CASE001,Case,NZXT,0,True
2025-05-16,7,CASE001,Case,NZXT,2,True
2025-05-17,7,CASE001,Case,NZXT,1,True
2025-05-18,7,CASE001,Case,NZXT,1,True
2025-05-19,7,CASE001,Case,NZXT,0,True
2025-05-20,7,CASE001,Case,NZXT,2,True
2025-05-21,7,CASE001,Case,NZXT,1,True
2025-05-22,7,CASE001,Case,NZXT,2,True
2025-05-23,7,CASE001,Case,NZXT,0,True
2025-05-24,7,CASE001,Case,NZXT,2,True
2025-05-25,7,CASE001,Case,NZXT,0,True
2025-05-26,7,CASE001,Case,NZXT,0,True
2025-05-27,7,CASE001,Case,NZXT,1,True
2025-05-28,7,CASE001,Case,NZXT,2,True
2025-05-29,7,CASE001,Case,NZXT,0,True
2025-05-30,7,CASE001,Case,NZXT,0,True
2025-05-31,7,CASE001,Case,NZXT,0,True
2025-06-01,7,CASE001,Case,NZXT,0,True
2025-06-02,7,CASE001,Case,NZXT,0,True
2025-06-03,7,CASE001,Case,NZXT,0,True
2025-06-04,7,CASE001,Case,NZXT,1,True
2025-06-05,7,CASE001,Case,NZXT,2,True
2025-06-06,7,CASE001,Case,NZXT,0,True
2025-06-07,7,CASE001,Case,NZXT,0,True
2025-06-08,7,CASE001,Case,NZXT,0,True
2025-06-09,7,CASE001,Case,NZXT,2,True
2025-06-10,7,CASE001,Case,NZXT,0,True
2025-06-11,7,CASE001,Case,NZXT,0,True
2025-06-12,7,CASE001,Case,NZXT,2,True
2025-06-13,7,CASE001,Case,NZXT,0,True
2025-06-14,7,CASE001,Case,NZXT,0,True
2025-06-15,7,CASE001,Case,NZXT,3,True
2025-06-16,7,CASE001,Case,NZXT,1,True
2025-06-17,7,CASE001,Case,NZXT,2,True
2025-06-18,7,CASE001,Case,NZXT,0,True
2025-06-19,7,CASE001,Case,NZXT,0,True
2025-06-20,7,CASE001,Case,NZXT,2,True
2025-06-21,7,CASE001,Case,NZXT,0,True
2025-06-22,7,CASE001,Case,NZXT,1,True
2025-06-23,7,CASE001,Case,NZXT,0,True
2025-06-24,7,CASE001,Case,NZXT,1,True
2025-06-25,7,CASE001,Case,NZXT,1,True
2025-06-26,7,CASE001,Case,NZXT,2,True
2025-06-27,7,CASE001,Case,NZXT,0,True
2025-06-28,7,CASE001,Case,NZXT,0,True
2025-06-29,7,CASE001,Case,NZXT,1,True
2025-06-30,7,CASE001,Case,NZXT,2,True
2025-07-01,7,CASE001,Case,NZXT,1,True
2025-07-02,7,CASE001,Case,NZXT,1,True
2025-07-03,7,CASE001,Case,NZXT,1,True
2025-07-04,7,CASE001,Case,NZXT,1,True
2025-07-05,7,CASE001,Case,NZXT,1,True
2025-07-06,7,CASE001,Case,NZXT,2,True
2025-07-07,7,CASE001,Case,NZXT,0,True
2025-07-08,7,CASE001,Case,NZXT,0,True
2025-07-09,7,CASE001,Case,NZXT,1,True
2025-07-10,7,CASE001,Case,NZXT,3,True
2025-07-11,7,CASE001,Case,NZXT,1,True
2025-07-12,7,CASE001,Case,NZXT,0,True
2025-07-13,7,CASE001,Case,NZXT,1,True
2025-07-14,7,CASE001,Case,NZXT,0,True
2025-07-15,7,CASE001,Case,NZXT,3,True
2025-07-16,7,CASE001,Case,NZXT,0,True
2025-07-17,7,CASE001,Case,NZXT,0,True
2025-07-18,7,CASE001,Case,NZXT,1,True
2025-07-19,7,CASE001,Case,NZXT,0,True
2025-07-20,7,CASE001,Case,NZXT,1,True
2025-07-21,7,CASE001,Case,NZXT,0,True
2025-07-22,7,CASE001,Case,NZXT,1,True
2025-07-23,7,CASE001,Case,NZXT,1,True
2025-07-24,7,CASE001,Case,NZXT,0,True
2025-07-25,7,CASE001,Case,NZXT,1,True
2025-07-26,7,CASE001,Case,NZXT,1,True
2025-07-27,7,CASE001,Case,NZXT,0,True
2025-07-28,7,CASE001,Case,NZXT,0,True
2025-07-29,7,CASE001,Case,NZXT,0,True
2025-07-30,7,CASE001,Case,NZXT,2,True
2025-07-31,7,CASE001,Case,NZXT,1,True
2025-08-01,7,CASE001,Case,NZXT,1,True
2025-08-02,7,CASE001,Case,NZXT,0,True
2025-08-03,7,CASE001,Case,NZXT,2,True
2025-08-04,7,CASE001,Case,NZXT,2,True
2025-08-05,7,CASE001,Case,NZXT,1,True
2025-08-06,7,CASE001,Case,NZXT,1,True
2025-08-07,7,CASE001,Case,NZXT,1,True
2025-08-08,7,CASE001,Case,NZXT,1,True
2025-08-09,7,CASE001,Case,NZXT,1,True
2025-08-10,7,CASE001,Case,NZXT,0,True
2025-08-11,7,CASE001,Case,NZXT,1,True
2025-08-12,7,CASE001,Case,NZXT,0,True
2025-08-13,7,CASE001,Case,NZXT,2,True
2025-08-14,7,CASE001,Case,NZXT,1,True
2025-08-15,7,CASE001,Case,NZXT,2,True
2025-08-16,7,CASE001,Case,NZXT,0,True
2025-08-17,7,CASE001,Case,NZXT,1,True
2025-08-18,7,CASE001,Case,NZXT,1,True
2025-08-19,7,CASE001,Case,NZXT,2,True
2025-08-20,7,CASE001,Case,NZXT,1,True
2025-08-21,7,CASE001,Case,NZXT,1,True
2025-08-22,7,CASE001,Case,NZXT,0,True
2025-08-23,7,CASE001,Case,NZXT,2,True
2025-08-24,7,CASE001,Case,NZXT,1,True
2025-08-25,7,CASE001,Case,NZXT,1,True
2025-08-26,7,CASE001,Case,NZXT,1,True
2025-08-27,7,CASE001,Case,NZXT,1,True
2025-08-28,7,CASE001,Case,NZXT,0,True
2025-08-29,7,CASE001,Case,NZXT,2,True
2025-08-30,7,CASE001,Case,NZXT,2,True
2025-08-31,7,CASE001,Case,NZXT,1,True
2025-09-01,7,CASE001,Case,NZXT,0,True
2025-09-02,7,CASE001,Case,NZXT,2,True
2025-09-03,7,CASE001,Case,NZXT,0,True
2025-09-04,7,CASE001,Case,NZXT,0,True
2025-09-05,7,CASE001,Case,NZXT,3,True
2025-09-06,7,CASE001,Case,NZXT,1,True
2025-09-07,7,CASE001,Case,NZXT,0,True
2025-09-08,7,CASE001,Case,NZXT,1,True
2025-09-09,7,CASE001,Case,NZXT,0,True
2025-09-10,7,CASE001,Case,NZXT,1,True
2025-09-11,7,CASE001,Case,NZXT,1,True
2025-09-12,7,CASE001,Case,NZXT,1,True
2025-09-13,7,CASE001,Case,NZXT,1,True
2025-09-14,7,CASE001,Case,NZXT,0,True
2025-09-15,7,CASE001,Case,NZXT,1,True
2025-09-16,7,CASE001,Case,NZXT,1,True
2025-09-17,7,CASE001,Case,NZXT,0,True
2025-09-18,7,CASE001,Case,NZXT,0,True
2025-09-19,7,CASE001,Case,NZXT,0,True
2025-09-20,7,CASE001,Case,NZXT,0,True
2025-09-21,7,CASE001,Case,NZXT,0,True
2025-09-22,7,CASE001,Case,NZXT,0,True
2025-09-23,7,CASE001,Case,NZXT,1,True
2025-09-24,7,CASE001,Case,NZXT,0,True
2025-09-25,7,CASE001,Case,NZXT,0,True
2025-09-26,7,CASE001,Case,NZXT,0,True
2025-09-27,7,CASE001,Case,NZXT,2,True
2025-09-28,7,CASE001,Case,NZXT,1,True
2025-09-29,7,CASE001,Case,NZXT,0,True
2025-09-30,7,CASE001,Case,NZXT,1,True
2025-10-01,7,CASE001,Case,NZXT,2,True
2025-10-02,7,CASE001,Case,NZXT,1,True
2025-10-03,7,CASE001,Case,NZXT,2,True
2025-10-04,7,CASE001,Case,NZXT,1,True
2025-10-05,7,CASE001,Case,NZXT,0,True
2025-10-06,7,CASE001,Case,NZXT,1,True
2025-10-07,7,CASE001,Case,NZXT,2,True
2025-10-08,7,CASE001,Case,NZXT,1,True
2025-10-09,7,CASE001,Case,NZXT,0,True
2025-10-10,7,CASE001,Case,NZXT,0,True
2025-10-11,7,CASE001,Case,NZXT,1,True
2025-10-12,7,CASE001,Case,NZXT,6,True
2025-10-13,7,CASE001,Case,NZXT,1,True
2025-10-14,7,CASE001,Case,NZXT,0,True
2025-10-15,7,CASE001,Case,NZXT,0,True
2025-10-16,7,CASE001,Case,NZXT,0,True
2025-10-17,7,CASE001,Case,NZXT,0,True
2025-10-18,7,CASE001,Case,NZXT,0,True
2025-10-19,7,CASE001,Case,NZXT,1,True
2025-10-20,7,CASE001,Case,NZXT,3,True
2025-10-21,7,CASE001,Case,NZXT,0,True
2025-10-22,7,CASE001,Case,NZXT,0,True
2025-10-23,7,CASE001,Case,NZXT,0,True
2025-10-24,7,CASE001,Case,NZXT,1,True
2025-10-25,7,CASE001,Case,NZXT,1,True
2025-10-26,7,CASE001,Case,NZXT,0,True
2025-10-27,7,CASE001,Case,NZXT,2,True
2025-10-28,7,CASE001,Case,NZXT,0,True
2025-10-29,7,CASE001,Case,NZXT,1,True
2025-10-30,7,CASE001,Case,NZXT,0,True
2025-10-31,7,CASE001,Case,NZXT,0,True
2025-11-01,7,CASE001,Case,NZXT,1,True
2025-11-02,7,CASE001,Case,NZXT,0,True
2025-11-03,7,CASE001,Case,NZXT,0,True
2025-11-04,7,CASE001,Case,NZXT,0,True
2025-11-05,7,CASE001,Case,NZXT,1,True
2025-11-06,7,CASE001,Case,NZXT,2,True
2025-11-07,7,CASE001,Case,NZXT,4,True
2025-11-08,7,CASE001,Case,NZXT,4,True
2025-11-09,7,CASE001,Case,NZXT,3,True
2025-11-10,7,CASE001,Case,NZXT,0,True
2025-11-11,7,CASE001,Case,NZXT,3,True
2025-11-12,7,CASE001,Case,NZXT,2,True
2025-11-13,7,CASE001,Case,NZXT,1,True
2025-11-14,7,CASE001,Case,NZXT,1,True
2025-11-15,7,CASE001,Case,NZXT,0,True
2025-11-16,7,CASE001,Case,NZXT,1,True
2025-11-17,7,CASE001,Case,NZXT,1,True
2025-11-18,7,CASE001,Case,NZXT,1,True
2025-11-19,7,CASE001,Case,NZXT,3,True
2025-11-20,7,CASE001,Case,NZXT,0,True
2025-11-21,7,CASE001,Case,NZXT,0,True
2025-11-22,7,CASE001,Case,NZXT,0,True
2025-11-23,7,CASE001,Case,NZXT,0,True
2025-11-24,7,CASE001,Case,NZXT,0,True
2025-11-25,7,CASE001,Case,NZXT,0,True
2025-11-26,7,CASE001,Case,NZXT,0,True
2025-11-27,7,CASE001,Case,NZXT,0,True
2025-11-28,7,CASE001,Case,NZXT,0,True
2025-11-29,7,CASE001,Case,NZXT,1,True
2025-11-30,7,CASE001,Case,NZXT,1,True
2025-12-01,7,CASE001,Case,NZXT,0,True
2025-12-02,7,CASE001,Case,NZXT,0,True
2025-12-03,7,CASE001,Case,NZXT,0,True
2025-12-04,7,CASE001,Case,NZXT,2,True
2025-12-05,7,CASE001,Case,NZXT,0,True
2025-12-06,7,CASE001,Case,NZXT,1,True
2025-12-07,7,CASE001,Case,NZXT,2,True
2025-12-08,7,CASE001,Case,NZXT,0,True
2025-12-09,7,CASE001,Case,NZXT,0,True
2025-12-10,7,CASE001,Case,NZXT,0,True
2025-12-11,7,CASE001,Case,NZXT,1,True
2025-12-12,7,CASE001,Case,NZXT,0,True
2025-12-13,7,CASE001,Case,NZXT,0,True
2025-12-14,7,CASE001,Case,NZXT,0,True
2025-12-15,7,CASE001,Case,NZXT,2,True
2025-12-16,7,CASE001,Case,NZXT,1,True
2025-12-17,7,CASE001,Case,NZXT,1,True
2025-12-18,7,CASE001,Case,NZXT,1,True
2025-12-19,7,CASE001,Case,NZXT,0,True
2025-12-20,7,CASE001,Case,NZXT,1,True
2025-12-21,7,CASE001,Case,NZXT,2,True
2025-12-22,7,CASE001,Case,NZXT,1,True
2025-12-23,7,CASE001,Case,NZXT,1,True
2025-12-24,7,CASE001,Case,NZXT,1,True
2025-12-25,7,CASE001,Case,NZXT,1,True
2025-12-26,7,CASE001,Case,NZXT,0,True
2025-12-27,7,CASE001,Case,NZXT,2,True
2025-12-28,7,CASE001,Case,NZXT,1,True
2025-12-29,7,CASE001,Case,NZXT,0,True
2025-12-30,7,CASE001,Case,NZXT,2,True
2025-12-31,7,CASE001,Case,NZXT,0,True
2026-01-01,7,CASE001,Case,NZXT,0,True
2026-01-02,7,CASE001,Case,NZXT,1,True
2026-01-03,7,CASE001,Case,NZXT,0,True
2026-01-04,7,CASE001,Case,NZXT,1,True
2026-01-05,7,CASE001,Case,NZXT,0,True
2026-01-06,7,CASE001,Case,NZXT,2,True
2026-01-07,7,CASE001,Case,NZXT,2,True
2026-01-08,7,CASE001,Case,NZXT,0,True
2026-01-09,7,CASE001,Case,NZXT,0,True
2026-01-10,7,CASE001,Case,NZXT,0,True
2026-01-11,7,CASE001,Case,NZXT,1,True
2026-01-12,7,CASE001,Case,NZXT,0,True
2026-01-13,7,CASE001,Case,NZXT,1,True
2026-01-14,7,CASE001,Case,NZXT,0,True
2026-01-15,7,CASE001,Case,NZXT,1,True
2026-01-16,7,CASE001,Case,NZXT,0,True
2026-01-17,7,CASE001,Case,NZXT,0,True
2026-01-18,7,CASE001,Case,NZXT,0,True
2026-01-19,7,CASE001,Case,NZXT,0,True
2026-01-20,7,CASE001,Case,NZXT,0,True
2026-01-21,7,CASE001,Case,NZXT,1,True
2026-01-22,7,CASE001,Case,NZXT,0,True
2026-01-23,7,CASE001,Case,NZXT,0,True
2026-01-24,7,CASE001,Case,NZXT,2,True
2026-01-25,7,CASE001,Case,NZXT,0,True
2026-01-26,7,CASE001,Case,NZXT,1,True
2026-01-27,7,CASE001,Case,NZXT,2,True
2026-01-28,7,CASE001,Case,NZXT,2,True
2026-01-29,7,CASE001,Case,NZXT,2,True
2026-01-30,7,CASE001,Case,NZXT,0,True
2026-01-31,7,CASE001,Case,NZXT,1,True
2026-02-01,7,CASE001,Case,NZXT,0,True
2026-02-02,7,CASE001,Case,NZXT,1,True
2026-02-03,7,CASE001,Case,NZXT,0,True
2026-02-04,7,CASE001,Case,NZXT,1,True
2026-02-05,7,CASE001,Case,NZXT,0,True
2026-02-06,7,CASE001,Case,NZXT,0,True
2026-02-07,7,CASE001,Case,NZXT,0,True
2026-02-08,7,CASE001,Case,NZXT,0,True
2026-02-09,7,CASE001,Case,NZXT,0,True
2026-02-10,7,CASE001,Case,NZXT,0,True
2026-02-11,7,CASE001,Case,NZXT,0,True
2026-02-12,7,CASE001,Case,NZXT,1,True
2026-02-13,7,CASE001,Case,NZXT,1,True
2026-02-14,7,CASE001,Case,NZXT,0,True
2026-02-15,7,CASE001,Case,NZXT,2,True
2026-02-16,7,CASE001,Case,NZXT,0,True
2026-02-17,7,CASE001,Case,NZXT,0,True
2026-02-18,7,CASE001,Case,NZXT,1,True
2026-02-19,7,CASE001,Case,NZXT,0,True
2026-02-20,7,CASE001,Case,NZXT,0,True
2026-02-21,7,CASE001,Case,NZXT,0,True
2026-02-22,7,CASE001,Case,NZXT,2,True
2026-02-23,7,CASE001,Case,NZXT,1,True
2026-02-24,7,CASE001,Case,NZXT,0,True
2026-02-25,7,CASE001,Case,NZXT,0,True
2026-02-26,7,CASE001,Case,NZXT,1,True
2026-02-27,7,CASE001,Case,NZXT,1,True
2026-02-28,7,CASE001,Case,NZXT,0,True
2026-03-01,7,CASE001,Case,NZXT,3,True
2026-03-02,7,CASE001,Case,NZXT,1,True
2026-03-03,7,CASE001,Case,NZXT,0,True
2026-03-04,7,CASE001,Case,NZXT,2,True
2026-03-05,7,CASE001,Case,NZXT,0,True
2026-03-06,7,CASE001,Case,NZXT,3,True
2026-03-07,7,CASE001,Case,NZXT,2,True
2026-03-08,7,CASE001,Case,NZXT,2,True
2026-03-09,7,CASE001,Case,NZXT,1,True
2026-03-10,7,CASE001,Case,NZXT,0,True
2026-03-11,7,CASE001,Case,NZXT,1,True
2026-03-12,7,CASE001,Case,NZXT,2,True
2026-03-13,7,CASE001,Case,NZXT,1,True
2026-03-14,7,CASE001,Case,NZXT,0,True
2026-03-15,7,CASE001,Case,NZXT,1,True
2026-03-16,7,CASE001,Case,NZXT,0,True
2026-03-17,7,CASE001,Case,NZXT,0,True
2026-03-18,7,CASE001,Case,NZXT,0,True
2026-03-19,7,CASE001,Case,NZXT,0,True
2026-03-20,7,CASE001,Case,NZXT,0,True
2026-03-21,7,CASE001,Case,NZXT,1,True
2026-03-22,7,CASE001,Case,NZXT,0,True
2026-03-23,7,CASE001,Case,NZXT,1,True
2026-03-24,7,CASE001,Case,NZXT,0,True
2026-03-25,7,CASE001,Case,NZXT,2,True
2026-03-26,7,CASE001,Case,NZXT,1,True
2026-03-27,7,CASE001,Case,NZXT,3,True
2026-03-28,7,CASE001,Case,NZXT,0,True
2026-03-29,7,CASE001,Case,NZXT,1,True
2026-03-30,7,CASE001,Case,NZXT,1,True
2026-03-31,7,CASE001,Case,NZXT,2,True
2026-04-01,7,CASE001,Case,NZXT,0,True
2026-04-02,7,CASE001,Case,NZXT,0,True
2026-04-03,7,CASE001,Case,NZXT,0,True
2026-04-04,7,CASE001,Case,NZXT,1,True
2026-04-05,7,CASE001,Case,NZXT,1,True
2026-04-06,7,CASE001,Case,NZXT,0,True
2026-04-07,7,CASE001,Case,NZXT,0,True
2026-04-08,7,CASE001,Case,NZXT,0,True
2026-04-09,7,CASE001,Case,NZXT,1,True
2026-04-10,7,CASE001,Case,NZXT,1,True
2026-04-11,7,CASE001,Case,NZXT,1,True
2026-04-12,7,CASE001,Case,NZXT,1,True
2026-04-13,7,CASE001,Case,NZXT,1,True
2026-04-14,7,CASE001,Case,NZXT,1,True
2026-04-15,7,CASE001,Case,NZXT,0,True
2026-04-16,7,CASE001,Case,NZXT,0,True
2026-04-17,7,CASE001,Case,NZXT,1,True
2026-04-18,7,CASE001,Case,NZXT,0,True
2026-04-19,7,CASE001,Case,NZXT,1,True
2026-04-20,7,CASE001,Case,NZXT,1,True
2026-04-21,7,CASE001,Case,NZXT,0,True
2026-04-22,7,CASE001,Case,NZXT,3,True
2026-04-23,7,CASE001,Case,NZXT,0,True
2026-04-24,7,CASE001,Case,NZXT,0,True
2026-04-25,7,CASE001,Case,NZXT,0,True
2026-04-26,7,CASE001,Case,NZXT,0,True
2026-04-27,7,CASE001,Case,NZXT,2,True
2026-04-28,7,CASE001,Case,NZXT,0,True
2026-04-29,7,CASE001,Case,NZXT,0,True
2026-04-30,7,CASE001,Case,NZXT,0,True
2026-05-01,7,CASE001,Case,NZXT,1,True
2026-05-02,7,CASE001,Case,NZXT,0,True
2026-05-03,7,CASE001,Case,NZXT,1,True
2026-05-04,7,CASE001,Case,NZXT,0,True
2026-05-05,7,CASE001,Case,NZXT,0,True
2026-05-06,7,CASE001,Case,NZXT,1,True
2026-05-07,7,CASE001,Case,NZXT,1,True
2026-05-08,7,CASE001,Case,NZXT,1,True
2026-05-09,7,CASE001,Case,NZXT,1,True
2026-05-10,7,CASE001,Case,NZXT,3,True
2026-05-11,7,CASE001,Case,NZXT,1,True
2026-05-12,7,CASE001,Case,NZXT,0,True
2026-05-13,7,CASE001,Case,NZXT,0,True
2026-05-14,7,CASE001,Case,NZXT,0,True
2026-05-15,7,CASE001,Case,NZXT,0,True
2026-05-16,7,CASE001,Case,NZXT,2,True
2026-05-17,7,CASE001,Case,NZXT,1,True
2026-05-18,7,CASE001,Case,NZXT,1,True
2026-05-19,7,CASE001,Case,NZXT,0,True
2026-05-20,7,CASE001,Case,NZXT,0,True
2026-05-21,7,CASE001,Case,NZXT,1,True
2026-05-22,7,CASE001,Case,NZXT,1,True
2026-05-23,7,CASE001,Case,NZXT,2,True
2026-05-24,7,CASE001,Case,NZXT,2,True
2026-05-25,7,CASE001,Case,NZXT,1,True
2026-05-26,7,CASE001,Case,NZXT,1,True
2026-05-27,7,CASE001,Case,NZXT,0,True
2026-05-28,7,CASE001,Case,NZXT,0,True
2026-05-29,7,CASE001,Case,NZXT,1,True
2026-05-30,7,CASE001,Case,NZXT,0,True
2026-05-31,7,CASE001,Case,NZXT,1,True
2026-06-01,7,CASE001,Case,NZXT,0,True
2026-06-02,7,CASE001,Case,NZXT,1,True
2026-06-03,7,CASE001,Case,NZXT,1,True
2026-06-04,7,CASE001,Case,NZXT,1,True
2026-06-05,7,CASE001,Case,NZXT,1,True
2026-06-06,7,CASE001,Case,NZXT,1,True
2026-06-07,7,CASE001,Case,NZXT,0,True
2026-06-08,7,CASE001,Case,NZXT,1,True
2026-06-09,7,CASE001,Case,NZXT,1,True
2026-06-10,7,CASE001,Case,NZXT,0,True
2026-06-11,7,CASE001,Case,NZXT,1,True
2026-06-12,7,CASE001,Case,NZXT,2,True
2026-06-13,7,CASE001,Case,NZXT,3,True
2026-06-14,7,CASE001,Case,NZXT,0,True
2026-06-15,7,CASE001,Case,NZXT,1,True
2026-06-16,7,CASE001,Case,NZXT,0,True
2026-06-17,7,CASE001,Case,NZXT,0,True
2026-06-18,7,CASE001,Case,NZXT,2,True
2026-06-19,7,CASE001,Case,NZXT,0,True
2026-06-20,7,CASE001,Case,NZXT,0,True
2026-06-21,7,CASE001,Case,NZXT,0,True
2026-06-22,7,CASE001,Case,NZXT,1,True
2026-06-23,7,CASE001,Case,NZXT,0,True
2026-06-24,7,CASE001,Case,NZXT,0,True
2026-06-25,7,CASE001,Case,NZXT,2,True
2026-06-26,7,CASE001,Case,NZXT,0,True
2026-06-27,7,CASE001,Case,NZXT,1,True
2026-06-28,7,CASE001,Case,NZXT,0,True
2026-06-29,7,CASE001,Case,NZXT,0,True
2026-06-30,7,CASE001,Case,NZXT,0,True
2026-07-01,7,CASE001,Case,NZXT,2,True
2026-07-02,7,CASE001,Case,NZXT,0,True
2026-07-03,7,CASE001,Case,NZXT,0,True
2026-07-04,7,CASE001,Case,NZXT,0,True
2026-07-05,7,CASE001,Case,NZXT,1,True
2026-07-06,7,CASE001,Case,NZXT,0,True
2026-07-07,7,CASE001,Case,NZXT,2,True
2026-07-08,7,CASE001,Case,NZXT,1,True
2026-07-09,7,CASE001,Case,NZXT,0,True
2026-07-10,7,CASE001,Case,NZXT,1,True
2026-07-11,7,CASE001,Case,NZXT,0,True
2026-07-12,7,CASE001,Case,NZXT,2,True
2026-07-13,7,CASE001,Case,NZXT,0,True
2026-07-14,7,CASE001,Case,NZXT,1,True
2026-07-15,7,CASE001,Case,NZXT,2,True
2026-07-16,7,CASE001,Case,NZXT,2,True
2026-07-17,7,CASE001,Case,NZXT,0,True
2026-07-18,7,CASE001,Case,NZXT,2,True
2026-07-19,7,CASE001,Case,NZXT,3,True
2026-07-20,7,CASE001,Case,NZXT,1,True
2026-07-21,7,CASE001,Case,NZXT,1,True
2026-07-22,7,CASE001,Case,NZXT,1,True
2026-07-23,7,CASE001,Case,NZXT,3,True
2026-07-24,7,CASE001,Case,NZXT,2,True
2026-07-25,7,CASE001,Case,NZXT,0,True
2026-07-26,7,CASE001,Case,NZXT,0,True
2026-07-27,7,CASE001,Case,NZXT,1,True
2026-07-28,7,CASE001,Case,NZXT,1,True
2026-07-29,7,CASE001,Case,NZXT,1,True
2026-07-30,7,CASE001,Case,NZXT,1,True
2026-07-31,7,CASE001,Case,NZXT,1,True
2026-08-01,7,CASE001,Case,NZXT,0,True
2026-08-02,7,CASE001,Case,NZXT,1,True
2026-08-03,7,CASE001,Case,NZXT,0,True
2026-08-04,7,CASE001,Case,NZXT,0,True
2026-08-05,7,CASE001,Case,NZXT,0,True
2026-08-06,7,CASE001,Case,NZXT,1,True
2026-08-07,7,CASE001,Case,NZXT,0,True
2026-08-08,7,CASE001,Case,NZXT,1,True
2026-08-09,7,CASE001,Case,NZXT,0,True
2026-08-10,7,CASE001,Case,NZXT,0,True
2026-08-11,7,CASE001,Case,NZXT,0,True
2026-08-12,7,CASE001,Case,NZXT,0,True
2026-08-13,7,CASE001,Case,NZXT,0,True
2026-08-14,7,CASE001,Case,NZXT,0,True
2026-08-15,7,CASE001,Case,NZXT,0,True
2026-08-16,7,CASE001,Case,NZXT,1,True
2026-08-17,7,CASE001,Case,NZXT,0,True
2026-08-18,7,CASE001,Case,NZXT,1,True
2026-08-19,7,CASE001,Case,NZXT,0,True
2026-08-20,7,CASE001,Case,NZXT,0,True
2026-08-21,7,CASE001,Case,NZXT,1,True
2026-08-22,7,CASE001,Case,NZXT,3,True
2026-08-23,7,CASE001,Case,NZXT,1,True
2026-08-24,7,CASE001,Case,NZXT,1,True
2026-08-25,7,CASE001,Case,NZXT,0,True
2026-08-26,7,CASE001,Case,NZXT,0,True
2026-08-27,7,CASE001,Case,NZXT,1,True
2026-08-28,7,CASE001,Case,NZXT,1,True
2026-08-29,7,CASE001,Case,NZXT,2,True
2026-08-30,7,CASE001,Case,NZXT,0,True
2026-08-31,7,CASE001,Case,NZXT,0,True
2025-03-01,8,COOL001,Cooler,DeepCool,0,True
2025-03-02,8,COOL001,Cooler,DeepCool,2,True
2025-03-03,8,COOL001,Cooler,DeepCool,1,True
2025-03-04,8,COOL001,Cooler,DeepCool,3,True
2025-03-05,8,COOL001,Cooler,DeepCool,0,True
2025-03-06,8,COOL001,Cooler,DeepCool,1,True
2025-03-07,8,COOL001,Cooler,DeepCool,2,True
2025-03-08,8,COOL001,Cooler,DeepCool,0,True
2025-03-09,8,COOL001,Cooler,DeepCool,0,True
2025-03-10,8,COOL001,Cooler,DeepCool,0,True
2025-03-11,8,COOL001,Cooler,DeepCool,0,True
2025-03-12,8,COOL001,Cooler,DeepCool,1,True
2025-03-13,8,COOL001,Cooler,DeepCool,0,True
2025-03-14,8,COOL001,Cooler,DeepCool,2,True
2025-03-15,8,COOL001,Cooler,DeepCool,1,True
2025-03-16,8,COOL001,Cooler,DeepCool,0,True
2025-03-17,8,COOL001,Cooler,DeepCool,0,True
2025-03-18,8,COOL001,Cooler,DeepCool,0,True
2025-03-19,8,COOL001,Cooler,DeepCool,0,True
2025-03-20,8,COOL001,Cooler,DeepCool,0,True
2025-03-21,8,COOL001,Cooler,DeepCool,0,True
2025-03-22,8,COOL001,Cooler,DeepCool,1,True
2025-03-23,8,COOL001,Cooler,DeepCool,1,True
2025-03-24,8,COOL001,Cooler,DeepCool,0,True
2025-03-25,8,COOL001,Cooler,DeepCool,2,True
2025-03-26,8,COOL001,Cooler,DeepCool,0,True
2025-03-27,8,COOL001,Cooler,DeepCool,0,True
2025-03-28,8,COOL001,Cooler,DeepCool,2,True
2025-03-29,8,COOL001,Cooler,DeepCool,3,True
2025-03-30,8,COOL001,Cooler,DeepCool,1,True
2025-03-31,8,COOL001,Cooler,DeepCool,2,True
2025-04-01,8,COOL001,Cooler,DeepCool,1,True
2025-04-02,8,COOL001,Cooler,DeepCool,0,True
2025-04-03,8,COOL001,Cooler,DeepCool,2,True
2025-04-04,8,COOL001,Cooler,DeepCool,0,True
2025-04-05,8,COOL001,Cooler,DeepCool,0,True
2025-04-06,8,COOL001,Cooler,DeepCool,3,True
2025-04-07,8,COOL001,Cooler,DeepCool,0,True
2025-04-08,8,COOL001,Cooler,DeepCool,1,True
2025-04-09,8,COOL001,Cooler,DeepCool,0,True
2025-04-10,8,COOL001,Cooler,DeepCool,1,True
2025-04-11,8,COOL001,Cooler,DeepCool,2,True
2025-04-12,8,COOL001,Cooler,DeepCool,0,True
2025-04-13,8,COOL001,Cooler,DeepCool,1,True
2025-04-14,8,COOL001,Cooler,DeepCool,0,True
2025-04-15,8,COOL001,Cooler,DeepCool,2,True
2025-04-16,8,COOL001,Cooler,DeepCool,2,True
2025-04-17,8,COOL001,Cooler,DeepCool,2,True
2025-04-18,8,COOL001,Cooler,DeepCool,0,True
2025-04-19,8,COOL001,Cooler,DeepCool,2,True
2025-04-20,8,COOL001,Cooler,DeepCool,0,True
2025-04-21,8,COOL001,Cooler,DeepCool,1,True
2025-04-22,8,COOL001,Cooler,DeepCool,1,True
2025-04-23,8,COOL001,Cooler,DeepCool,1,True
2025-04-24,8,COOL001,Cooler,DeepCool,0,True
2025-04-25,8,COOL001,Cooler,DeepCool,1,True
2025-04-26,8,COOL001,Cooler,DeepCool,2,True
2025-04-27,8,COOL001,Cooler,DeepCool,2,True
2025-04-28,8,COOL001,Cooler,DeepCool,0,True
2025-04-29,8,COOL001,Cooler,DeepCool,1,True
2025-04-30,8,COOL001,Cooler,DeepCool,2,True
2025-05-01,8,COOL001,Cooler,DeepCool,3,True
2025-05-02,8,COOL001,Cooler,DeepCool,2,True
2025-05-03,8,COOL001,Cooler,DeepCool,1,True
2025-05-04,8,COOL001,Cooler,DeepCool,1,True
2025-05-05,8,COOL001,Cooler,DeepCool,2,True
2025-05-06,8,COOL001,Cooler,DeepCool,2,True
2025-05-07,8,COOL001,Cooler,DeepCool,1,True
2025-05-08,8,COOL001,Cooler,DeepCool,0,True
2025-05-09,8,COOL001,Cooler,DeepCool,1,True
2025-05-10,8,COOL001,Cooler,DeepCool,1,True
2025-05-11,8,COOL001,Cooler,DeepCool,0,True
2025-05-12,8,COOL001,Cooler,DeepCool,0,True
2025-05-13,8,COOL001,Cooler,DeepCool,0,True
2025-05-14,8,COOL001,Cooler,DeepCool,1,True
2025-05-15,8,COOL001,Cooler,DeepCool,1,True
2025-05-16,8,COOL001,Cooler,DeepCool,1,True
2025-05-17,8,COOL001,Cooler,DeepCool,1,True
2025-05-18,8,COOL001,Cooler,DeepCool,2,True
2025-05-19,8,COOL001,Cooler,DeepCool,1,True
2025-05-20,8,COOL001,Cooler,DeepCool,0,True
2025-05-21,8,COOL001,Cooler,DeepCool,2,True
2025-05-22,8,COOL001,Cooler,DeepCool,1,True
2025-05-23,8,COOL001,Cooler,DeepCool,0,True
2025-05-24,8,COOL001,Cooler,DeepCool,1,True
2025-05-25,8,COOL001,Cooler,DeepCool,0,True
2025-05-26,8,COOL001,Cooler,DeepCool,1,True
2025-05-27,8,COOL001,Cooler,DeepCool,1,True
2025-05-28,8,COOL001,Cooler,DeepCool,2,True
2025-05-29,8,COOL001,Cooler,DeepCool,1,True
2025-05-30,8,COOL001,Cooler,DeepCool,0,True
2025-05-31,8,COOL001,Cooler,DeepCool,1,True
2025-06-01,8,COOL001,Cooler,DeepCool,1,True
2025-06-02,8,COOL001,Cooler,DeepCool,0,True
2025-06-03,8,COOL001,Cooler,DeepCool,1,True
2025-06-04,8,COOL001,Cooler,DeepCool,1,True
2025-06-05,8,COOL001,Cooler,DeepCool,1,True
2025-06-06,8,COOL001,Cooler,DeepCool,1,True
2025-06-07,8,COOL001,Cooler,DeepCool,2,True
2025-06-08,8,COOL001,Cooler,DeepCool,0,True
2025-06-09,8,COOL001,Cooler,DeepCool,1,True
2025-06-10,8,COOL001,Cooler,DeepCool,1,True
2025-06-11,8,COOL001,Cooler,DeepCool,0,True
2025-06-12,8,COOL001,Cooler,DeepCool,0,True
2025-06-13,8,COOL001,Cooler,DeepCool,1,True
2025-06-14,8,COOL001,Cooler,DeepCool,0,True
2025-06-15,8,COOL001,Cooler,DeepCool,0,True
2025-06-16,8,COOL001,Cooler,DeepCool,0,True
2025-06-17,8,COOL001,Cooler,DeepCool,2,True
2025-06-18,8,COOL001,Cooler,DeepCool,2,True
2025-06-19,8,COOL001,Cooler,DeepCool,3,True
2025-06-20,8,COOL001,Cooler,DeepCool,0,True
2025-06-21,8,COOL001,Cooler,DeepCool,1,True
2025-06-22,8,COOL001,Cooler,DeepCool,0,True
2025-06-23,8,COOL001,Cooler,DeepCool,0,True
2025-06-24,8,COOL001,Cooler,DeepCool,0,True
2025-06-25,8,COOL001,Cooler,DeepCool,0,True
2025-06-26,8,COOL001,Cooler,DeepCool,4,True
2025-06-27,8,COOL001,Cooler,DeepCool,2,True
2025-06-28,8,COOL001,Cooler,DeepCool,0,True
2025-06-29,8,COOL001,Cooler,DeepCool,2,True
2025-06-30,8,COOL001,Cooler,DeepCool,2,True
2025-07-01,8,COOL001,Cooler,DeepCool,1,True
2025-07-02,8,COOL001,Cooler,DeepCool,0,True
2025-07-03,8,COOL001,Cooler,DeepCool,2,True
2025-07-04,8,COOL001,Cooler,DeepCool,1,True
2025-07-05,8,COOL001,Cooler,DeepCool,1,True
2025-07-06,8,COOL001,Cooler,DeepCool,1,True
2025-07-07,8,COOL001,Cooler,DeepCool,0,True
2025-07-08,8,COOL001,Cooler,DeepCool,1,True
2025-07-09,8,COOL001,Cooler,DeepCool,1,True
2025-07-10,8,COOL001,Cooler,DeepCool,0,True
2025-07-11,8,COOL001,Cooler,DeepCool,0,True
2025-07-12,8,COOL001,Cooler,DeepCool,0,True
2025-07-13,8,COOL001,Cooler,DeepCool,3,True
2025-07-14,8,COOL001,Cooler,DeepCool,0,True
2025-07-15,8,COOL001,Cooler,DeepCool,0,True
2025-07-16,8,COOL001,Cooler,DeepCool,1,True
2025-07-17,8,COOL001,Cooler,DeepCool,1,True
2025-07-18,8,COOL001,Cooler,DeepCool,2,True
2025-07-19,8,COOL001,Cooler,DeepCool,0,True
2025-07-20,8,COOL001,Cooler,DeepCool,0,True
2025-07-21,8,COOL001,Cooler,DeepCool,0,True
2025-07-22,8,COOL001,Cooler,DeepCool,1,True
2025-07-23,8,COOL001,Cooler,DeepCool,1,True
2025-07-24,8,COOL001,Cooler,DeepCool,1,True
2025-07-25,8,COOL001,Cooler,DeepCool,0,True
2025-07-26,8,COOL001,Cooler,DeepCool,1,True
2025-07-27,8,COOL001,Cooler,DeepCool,2,True
2025-07-28,8,COOL001,Cooler,DeepCool,1,True
2025-07-29,8,COOL001,Cooler,DeepCool,0,True
2025-07-30,8,COOL001,Cooler,DeepCool,0,True
2025-07-31,8,COOL001,Cooler,DeepCool,1,True
2025-08-01,8,COOL001,Cooler,DeepCool,1,True
2025-08-02,8,COOL001,Cooler,DeepCool,0,True
2025-08-03,8,COOL001,Cooler,DeepCool,1,True
2025-08-04,8,COOL001,Cooler,DeepCool,1,True
2025-08-05,8,COOL001,Cooler,DeepCool,2,True
2025-08-06,8,COOL001,Cooler,DeepCool,0,True
2025-08-07,8,COOL001,Cooler,DeepCool,0,True
2025-08-08,8,COOL001,Cooler,DeepCool,0,True
2025-08-09,8,COOL001,Cooler,DeepCool,1,True
2025-08-10,8,COOL001,Cooler,DeepCool,0,True
2025-08-11,8,COOL001,Cooler,DeepCool,0,True
2025-08-12,8,COOL001,Cooler,DeepCool,2,True
2025-08-13,8,COOL001,Cooler,DeepCool,1,True
2025-08-14,8,COOL001,Cooler,DeepCool,0,True
2025-08-15,8,COOL001,Cooler,DeepCool,0,True
2025-08-16,8,COOL001,Cooler,DeepCool,3,True
2025-08-17,8,COOL001,Cooler,DeepCool,1,True
2025-08-18,8,COOL001,Cooler,DeepCool,0,True
2025-08-19,8,COOL001,Cooler,DeepCool,1,True
2025-08-20,8,COOL001,Cooler,DeepCool,1,True
2025-08-21,8,COOL001,Cooler,DeepCool,0,True
2025-08-22,8,COOL001,Cooler,DeepCool,0,True
2025-08-23,8,COOL001,Cooler,DeepCool,1,True
2025-08-24,8,COOL001,Cooler,DeepCool,1,True
2025-08-25,8,COOL001,Cooler,DeepCool,2,True
2025-08-26,8,COOL001,Cooler,DeepCool,1,True
2025-08-27,8,COOL001,Cooler,DeepCool,0,True
2025-08-28,8,COOL001,Cooler,DeepCool,1,True
2025-08-29,8,COOL001,Cooler,DeepCool,2,True
2025-08-30,8,COOL001,Cooler,DeepCool,0,True
2025-08-31,8,COOL001,Cooler,DeepCool,0,True
2025-09-01,8,COOL001,Cooler,DeepCool,0,True
2025-09-02,8,COOL001,Cooler,DeepCool,0,True
2025-09-03,8,COOL001,Cooler,DeepCool,1,True
2025-09-04,8,COOL001,Cooler,DeepCool,0,True
2025-09-05,8,COOL001,Cooler,DeepCool,0,True
2025-09-06,8,COOL001,Cooler,DeepCool,0,True
2025-09-07,8,COOL001,Cooler,DeepCool,1,True
2025-09-08,8,COOL001,Cooler,DeepCool,1,True
2025-09-09,8,COOL001,Cooler,DeepCool,1,True
2025-09-10,8,COOL001,Cooler,DeepCool,3,True
2025-09-11,8,COOL001,Cooler,DeepCool,1,True
2025-09-12,8,COOL001,Cooler,DeepCool,4,True
2025-09-13,8,COOL001,Cooler,DeepCool,1,True
2025-09-14,8,COOL001,Cooler,DeepCool,1,True
2025-09-15,8,COOL001,Cooler,DeepCool,0,True
2025-09-16,8,COOL001,Cooler,DeepCool,1,True
2025-09-17,8,COOL001,Cooler,DeepCool,3,True
2025-09-18,8,COOL001,Cooler,DeepCool,0,True
2025-09-19,8,COOL001,Cooler,DeepCool,0,True
2025-09-20,8,COOL001,Cooler,DeepCool,1,True
2025-09-21,8,COOL001,Cooler,DeepCool,0,True
2025-09-22,8,COOL001,Cooler,DeepCool,0,True
2025-09-23,8,COOL001,Cooler,DeepCool,1,True
2025-09-24,8,COOL001,Cooler,DeepCool,0,True
2025-09-25,8,COOL001,Cooler,DeepCool,2,True
2025-09-26,8,COOL001,Cooler,DeepCool,0,True
2025-09-27,8,COOL001,Cooler,DeepCool,1,True
2025-09-28,8,COOL001,Cooler,DeepCool,1,True
2025-09-29,8,COOL001,Cooler,DeepCool,0,True
2025-09-30,8,COOL001,Cooler,DeepCool,2,True
2025-10-01,8,COOL001,Cooler,DeepCool,0,True
2025-10-02,8,COOL001,Cooler,DeepCool,0,True
2025-10-03,8,COOL001,Cooler,DeepCool,3,True
2025-10-04,8,COOL001,Cooler,DeepCool,3,True
2025-10-05,8,COOL001,Cooler,DeepCool,1,True
2025-10-06,8,COOL001,Cooler,DeepCool,0,True
2025-10-07,8,COOL001,Cooler,DeepCool,0,True
2025-10-08,8,COOL001,Cooler,DeepCool,0,True
2025-10-09,8,COOL001,Cooler,DeepCool,0,True
2025-10-10,8,COOL001,Cooler,DeepCool,0,True
2025-10-11,8,COOL001,Cooler,DeepCool,2,True
2025-10-12,8,COOL001,Cooler,DeepCool,0,True
2025-10-13,8,COOL001,Cooler,DeepCool,2,True
2025-10-14,8,COOL001,Cooler,DeepCool,2,True
2025-10-15,8,COOL001,Cooler,DeepCool,0,True
2025-10-16,8,COOL001,Cooler,DeepCool,1,True
2025-10-17,8,COOL001,Cooler,DeepCool,1,True
2025-10-18,8,COOL001,Cooler,DeepCool,3,True
2025-10-19,8,COOL001,Cooler,DeepCool,1,True
2025-10-20,8,COOL001,Cooler,DeepCool,1,True
2025-10-21,8,COOL001,Cooler,DeepCool,1,True
2025-10-22,8,COOL001,Cooler,DeepCool,0,True
2025-10-23,8,COOL001,Cooler,DeepCool,0,True
2025-10-24,8,COOL001,Cooler,DeepCool,0,True
2025-10-25,8,COOL001,Cooler,DeepCool,1,True
2025-10-26,8,COOL001,Cooler,DeepCool,0,True
2025-10-27,8,COOL001,Cooler,DeepCool,0,True
2025-10-28,8,COOL001,Cooler,DeepCool,0,True
2025-10-29,8,COOL001,Cooler,DeepCool,1,True
2025-10-30,8,COOL001,Cooler,DeepCool,2,True
2025-10-31,8,COOL001,Cooler,DeepCool,2,True
2025-11-01,8,COOL001,Cooler,DeepCool,2,True
2025-11-02,8,COOL001,Cooler,DeepCool,2,True
2025-11-03,8,COOL001,Cooler,DeepCool,0,True
2025-11-04,8,COOL001,Cooler,DeepCool,1,True
2025-11-05,8,COOL001,Cooler,DeepCool,1,True
2025-11-06,8,COOL001,Cooler,DeepCool,1,True
2025-11-07,8,COOL001,Cooler,DeepCool,0,True
2025-11-08,8,COOL001,Cooler,DeepCool,1,True
2025-11-09,8,COOL001,Cooler,DeepCool,0,True
2025-11-10,8,COOL001,Cooler,DeepCool,0,True
2025-11-11,8,COOL001,Cooler,DeepCool,1,True
2025-11-12,8,COOL001,Cooler,DeepCool,1,True
2025-11-13,8,COOL001,Cooler,DeepCool,1,True
2025-11-14,8,COOL001,Cooler,DeepCool,1,True
2025-11-15,8,COOL001,Cooler,DeepCool,2,True
2025-11-16,8,COOL001,Cooler,DeepCool,1,True
2025-11-17,8,COOL001,Cooler,DeepCool,3,True
2025-11-18,8,COOL001,Cooler,DeepCool,0,True
2025-11-19,8,COOL001,Cooler,DeepCool,0,True
2025-11-20,8,COOL001,Cooler,DeepCool,0,True
2025-11-21,8,COOL001,Cooler,DeepCool,2,True
2025-11-22,8,COOL001,Cooler,DeepCool,1,True
2025-11-23,8,COOL001,Cooler,DeepCool,1,True
2025-11-24,8,COOL001,Cooler,DeepCool,0,True
2025-11-25,8,COOL001,Cooler,DeepCool,1,True
2025-11-26,8,COOL001,Cooler,DeepCool,0,True
2025-11-27,8,COOL001,Cooler,DeepCool,1,True
2025-11-28,8,COOL001,Cooler,DeepCool,0,True
2025-11-29,8,COOL001,Cooler,DeepCool,1,True
2025-11-30,8,COOL001,Cooler,DeepCool,1,True
2025-12-01,8,COOL001,Cooler,DeepCool,0,True
2025-12-02,8,COOL001,Cooler,DeepCool,1,True
2025-12-03,8,COOL001,Cooler,DeepCool,2,True
2025-12-04,8,COOL001,Cooler,DeepCool,0,True
2025-12-05,8,COOL001,Cooler,DeepCool,0,True
2025-12-06,8,COOL001,Cooler,DeepCool,2,True
2025-12-07,8,COOL001,Cooler,DeepCool,2,True
2025-12-08,8,COOL001,Cooler,DeepCool,1,True
2025-12-09,8,COOL001,Cooler,DeepCool,0,True
2025-12-10,8,COOL001,Cooler,DeepCool,0,True
2025-12-11,8,COOL001,Cooler,DeepCool,0,True
2025-12-12,8,COOL001,Cooler,DeepCool,1,True
2025-12-13,8,COOL001,Cooler,DeepCool,0,True
2025-12-14,8,COOL001,Cooler,DeepCool,1,True
2025-12-15,8,COOL001,Cooler,DeepCool,1,True
2025-12-16,8,COOL001,Cooler,DeepCool,3,True
2025-12-17,8,COOL001,Cooler,DeepCool,1,True
2025-12-18,8,COOL001,Cooler,DeepCool,1,True
2025-12-19,8,COOL001,Cooler,DeepCool,1,True
2025-12-20,8,COOL001,Cooler,DeepCool,0,True
2025-12-21,8,COOL001,Cooler,DeepCool,2,True
2025-12-22,8,COOL001,Cooler,DeepCool,2,True
2025-12-23,8,COOL001,Cooler,DeepCool,0,True
2025-12-24,8,COOL001,Cooler,DeepCool,1,True
2025-12-25,8,COOL001,Cooler,DeepCool,2,True
2025-12-26,8,COOL001,Cooler,DeepCool,0,True
2025-12-27,8,COOL001,Cooler,DeepCool,1,True
2025-12-28,8,COOL001,Cooler,DeepCool,1,True
2025-12-29,8,COOL001,Cooler,DeepCool,0,True
2025-12-30,8,COOL001,Cooler,DeepCool,1,True
2025-12-31,8,COOL001,Cooler,DeepCool,0,True
2026-01-01,8,COOL001,Cooler,DeepCool,1,True
2026-01-02,8,COOL001,Cooler,DeepCool,0,True
2026-01-03,8,COOL001,Cooler,DeepCool,2,True
2026-01-04,8,COOL001,Cooler,DeepCool,1,True
2026-01-05,8,COOL001,Cooler,DeepCool,1,True
2026-01-06,8,COOL001,Cooler,DeepCool,1,True
2026-01-07,8,COOL001,Cooler,DeepCool,1,True
2026-01-08,8,COOL001,Cooler,DeepCool,1,True
2026-01-09,8,COOL001,Cooler,DeepCool,1,True
2026-01-10,8,COOL001,Cooler,DeepCool,1,True
2026-01-11,8,COOL001,Cooler,DeepCool,2,True
2026-01-12,8,COOL001,Cooler,DeepCool,0,True
2026-01-13,8,COOL001,Cooler,DeepCool,0,True
2026-01-14,8,COOL001,Cooler,DeepCool,0,True
2026-01-15,8,COOL001,Cooler,DeepCool,2,True
2026-01-16,8,COOL001,Cooler,DeepCool,1,True
2026-01-17,8,COOL001,Cooler,DeepCool,0,True
2026-01-18,8,COOL001,Cooler,DeepCool,0,True
2026-01-19,8,COOL001,Cooler,DeepCool,1,True
2026-01-20,8,COOL001,Cooler,DeepCool,1,True
2026-01-21,8,COOL001,Cooler,DeepCool,0,True
2026-01-22,8,COOL001,Cooler,DeepCool,0,True
2026-01-23,8,COOL001,Cooler,DeepCool,2,True
2026-01-24,8,COOL001,Cooler,DeepCool,1,True
2026-01-25,8,COOL001,Cooler,DeepCool,2,True
2026-01-26,8,COOL001,Cooler,DeepCool,1,True
2026-01-27,8,COOL001,Cooler,DeepCool,0,True
2026-01-28,8,COOL001,Cooler,DeepCool,1,True
2026-01-29,8,COOL001,Cooler,DeepCool,1,True
2026-01-30,8,COOL001,Cooler,DeepCool,1,True
2026-01-31,8,COOL001,Cooler,DeepCool,0,True
2026-02-01,8,COOL001,Cooler,DeepCool,0,True
2026-02-02,8,COOL001,Cooler,DeepCool,0,True
2026-02-03,8,COOL001,Cooler,DeepCool,0,True
2026-02-04,8,COOL001,Cooler,DeepCool,0,True
2026-02-05,8,COOL001,Cooler,DeepCool,1,True
2026-02-06,8,COOL001,Cooler,DeepCool,0,True
2026-02-07,8,COOL001,Cooler,DeepCool,1,True
2026-02-08,8,COOL001,Cooler,DeepCool,2,True
2026-02-09,8,COOL001,Cooler,DeepCool,0,True
2026-02-10,8,COOL001,Cooler,DeepCool,0,True
2026-02-11,8,COOL001,Cooler,DeepCool,0,True
2026-02-12,8,COOL001,Cooler,DeepCool,0,True
2026-02-13,8,COOL001,Cooler,DeepCool,3,True
2026-02-14,8,COOL001,Cooler,DeepCool,0,True
2026-02-15,8,COOL001,Cooler,DeepCool,1,True
2026-02-16,8,COOL001,Cooler,DeepCool,3,True
2026-02-17,8,COOL001,Cooler,DeepCool,2,True
2026-02-18,8,COOL001,Cooler,DeepCool,2,True
2026-02-19,8,COOL001,Cooler,DeepCool,1,True
2026-02-20,8,COOL001,Cooler,DeepCool,1,True
2026-02-21,8,COOL001,Cooler,DeepCool,1,True
2026-02-22,8,COOL001,Cooler,DeepCool,2,True
2026-02-23,8,COOL001,Cooler,DeepCool,1,True
2026-02-24,8,COOL001,Cooler,DeepCool,0,True
2026-02-25,8,COOL001,Cooler,DeepCool,2,True
2026-02-26,8,COOL001,Cooler,DeepCool,0,True
2026-02-27,8,COOL001,Cooler,DeepCool,2,True
2026-02-28,8,COOL001,Cooler,DeepCool,1,True
2026-03-01,8,COOL001,Cooler,DeepCool,1,True
2026-03-02,8,COOL001,Cooler,DeepCool,5,True
2026-03-03,8,COOL001,Cooler,DeepCool,0,True
2026-03-04,8,COOL001,Cooler,DeepCool,1,True
2026-03-05,8,COOL001,Cooler,DeepCool,1,True
2026-03-06,8,COOL001,Cooler,DeepCool,0,True
2026-03-07,8,COOL001,Cooler,DeepCool,0,True
2026-03-08,8,COOL001,Cooler,DeepCool,0,True
2026-03-09,8,COOL001,Cooler,DeepCool,0,True
2026-03-10,8,COOL001,Cooler,DeepCool,1,True
2026-03-11,8,COOL001,Cooler,DeepCool,0,True
2026-03-12,8,COOL001,Cooler,DeepCool,1,True
2026-03-13,8,COOL001,Cooler,DeepCool,2,True
2026-03-14,8,COOL001,Cooler,DeepCool,2,True
2026-03-15,8,COOL001,Cooler,DeepCool,2,True
2026-03-16,8,COOL001,Cooler,DeepCool,0,True
2026-03-17,8,COOL001,Cooler,DeepCool,0,True
2026-03-18,8,COOL001,Cooler,DeepCool,1,True
2026-03-19,8,COOL001,Cooler,DeepCool,0,True
2026-03-20,8,COOL001,Cooler,DeepCool,4,True
2026-03-21,8,COOL001,Cooler,DeepCool,1,True
2026-03-22,8,COOL001,Cooler,DeepCool,2,True
2026-03-23,8,COOL001,Cooler,DeepCool,1,True
2026-03-24,8,COOL001,Cooler,DeepCool,0,True
2026-03-25,8,COOL001,Cooler,DeepCool,1,True
2026-03-26,8,COOL001,Cooler,DeepCool,0,True
2026-03-27,8,COOL001,Cooler,DeepCool,1,True
2026-03-28,8,COOL001,Cooler,DeepCool,3,True
2026-03-29,8,COOL001,Cooler,DeepCool,0,True
2026-03-30,8,COOL001,Cooler,DeepCool,2,True
2026-03-31,8,COOL001,Cooler,DeepCool,1,True
2026-04-01,8,COOL001,Cooler,DeepCool,2,True
2026-04-02,8,COOL001,Cooler,DeepCool,0,True
2026-04-03,8,COOL001,Cooler,DeepCool,0,True
2026-04-04,8,COOL001,Cooler,DeepCool,0,True
2026-04-05,8,COOL001,Cooler,DeepCool,1,True
2026-04-06,8,COOL001,Cooler,DeepCool,3,True
2026-04-07,8,COOL001,Cooler,DeepCool,3,True
2026-04-08,8,COOL001,Cooler,DeepCool,1,True
2026-04-09,8,COOL001,Cooler,DeepCool,1,True
2026-04-10,8,COOL001,Cooler,DeepCool,1,True
2026-04-11,8,COOL001,Cooler,DeepCool,2,True
2026-04-12,8,COOL001,Cooler,DeepCool,2,True
2026-04-13,8,COOL001,Cooler,DeepCool,2,True
2026-04-14,8,COOL001,Cooler,DeepCool,0,True
2026-04-15,8,COOL001,Cooler,DeepCool,2,True
2026-04-16,8,COOL001,Cooler,DeepCool,1,True
2026-04-17,8,COOL001,Cooler,DeepCool,0,True
2026-04-18,8,COOL001,Cooler,DeepCool,2,True
2026-04-19,8,COOL001,Cooler,DeepCool,2,True
2026-04-20,8,COOL001,Cooler,DeepCool,0,True
2026-04-21,8,COOL001,Cooler,DeepCool,2,True
2026-04-22,8,COOL001,Cooler,DeepCool,0,True
2026-04-23,8,COOL001,Cooler,DeepCool,2,True
2026-04-24,8,COOL001,Cooler,DeepCool,2,True
2026-04-25,8,COOL001,Cooler,DeepCool,3,True
2026-04-26,8,COOL001,Cooler,DeepCool,1,True
2026-04-27,8,COOL001,Cooler,DeepCool,0,True
2026-04-28,8,COOL001,Cooler,DeepCool,3,True
2026-04-29,8,COOL001,Cooler,DeepCool,0,True
2026-04-30,8,COOL001,Cooler,DeepCool,1,True
2026-05-01,8,COOL001,Cooler,DeepCool,1,True
2026-05-02,8,COOL001,Cooler,DeepCool,0,True
2026-05-03,8,COOL001,Cooler,DeepCool,3,True
2026-05-04,8,COOL001,Cooler,DeepCool,2,True
2026-05-05,8,COOL001,Cooler,DeepCool,2,True
2026-05-06,8,COOL001,Cooler,DeepCool,0,True
2026-05-07,8,COOL001,Cooler,DeepCool,1,True
2026-05-08,8,COOL001,Cooler,DeepCool,0,True
2026-05-09,8,COOL001,Cooler,DeepCool,0,True
2026-05-10,8,COOL001,Cooler,DeepCool,2,True
2026-05-11,8,COOL001,Cooler,DeepCool,0,True
2026-05-12,8,COOL001,Cooler,DeepCool,5,True
2026-05-13,8,COOL001,Cooler,DeepCool,2,True
2026-05-14,8,COOL001,Cooler,DeepCool,0,True
2026-05-15,8,COOL001,Cooler,DeepCool,2,True
2026-05-16,8,COOL001,Cooler,DeepCool,1,True
2026-05-17,8,COOL001,Cooler,DeepCool,2,True
2026-05-18,8,COOL001,Cooler,DeepCool,1,True
2026-05-19,8,COOL001,Cooler,DeepCool,1,True
2026-05-20,8,COOL001,Cooler,DeepCool,1,True
2026-05-21,8,COOL001,Cooler,DeepCool,0,True
2026-05-22,8,COOL001,Cooler,DeepCool,4,True
2026-05-23,8,COOL001,Cooler,DeepCool,2,True
2026-05-24,8,COOL001,Cooler,DeepCool,3,True
2026-05-25,8,COOL001,Cooler,DeepCool,1,True
2026-05-26,8,COOL001,Cooler,DeepCool,0,True
2026-05-27,8,COOL001,Cooler,DeepCool,0,True
2026-05-28,8,COOL001,Cooler,DeepCool,1,True
2026-05-29,8,COOL001,Cooler,DeepCool,4,True
2026-05-30,8,COOL001,Cooler,DeepCool,1,True
2026-05-31,8,COOL001,Cooler,DeepCool,1,True
2026-06-01,8,COOL001,Cooler,DeepCool,1,True
2026-06-02,8,COOL001,Cooler,DeepCool,0,True
2026-06-03,8,COOL001,Cooler,DeepCool,1,True
2026-06-04,8,COOL001,Cooler,DeepCool,0,True
2026-06-05,8,COOL001,Cooler,DeepCool,1,True
2026-06-06,8,COOL001,Cooler,DeepCool,3,True
2026-06-07,8,COOL001,Cooler,DeepCool,1,True
2026-06-08,8,COOL001,Cooler,DeepCool,1,True
2026-06-09,8,COOL001,Cooler,DeepCool,3,True
2026-06-10,8,COOL001,Cooler,DeepCool,0,True
2026-06-11,8,COOL001,Cooler,DeepCool,2,True
2026-06-12,8,COOL001,Cooler,DeepCool,0,True
2026-06-13,8,COOL001,Cooler,DeepCool,0,True
2026-06-14,8,COOL001,Cooler,DeepCool,0,True
2026-06-15,8,COOL001,Cooler,DeepCool,0,True
2026-06-16,8,COOL001,Cooler,DeepCool,0,True
2026-06-17,8,COOL001,Cooler,DeepCool,1,True
2026-06-18,8,COOL001,Cooler,DeepCool,0,True
2026-06-19,8,COOL001,Cooler,DeepCool,1,True
2026-06-20,8,COOL001,Cooler,DeepCool,4,True
2026-06-21,8,COOL001,Cooler,DeepCool,1,True
2026-06-22,8,COOL001,Cooler,DeepCool,1,True
2026-06-23,8,COOL001,Cooler,DeepCool,3,True
2026-06-24,8,COOL001,Cooler,DeepCool,2,True
2026-06-25,8,COOL001,Cooler,DeepCool,1,True
2026-06-26,8,COOL001,Cooler,DeepCool,5,True
2026-06-27,8,COOL001,Cooler,DeepCool,2,True
2026-06-28,8,COOL001,Cooler,DeepCool,2,True
2026-06-29,8,COOL001,Cooler,DeepCool,1,True
2026-06-30,8,COOL001,Cooler,DeepCool,1,True
2026-07-01,8,COOL001,Cooler,DeepCool,2,True
2026-07-02,8,COOL001,Cooler,DeepCool,2,True
2026-07-03,8,COOL001,Cooler,DeepCool,1,True
2026-07-04,8,COOL001,Cooler,DeepCool,1,True
2026-07-05,8,COOL001,Cooler,DeepCool,0,True
2026-07-06,8,COOL001,Cooler,DeepCool,4,True
2026-07-07,8,COOL001,Cooler,DeepCool,2,True
2026-07-08,8,COOL001,Cooler,DeepCool,3,True
2026-07-09,8,COOL001,Cooler,DeepCool,1,True
2026-07-10,8,COOL001,Cooler,DeepCool,2,True
2026-07-11,8,COOL001,Cooler,DeepCool,0,True
2026-07-12,8,COOL001,Cooler,DeepCool,3,True
2026-07-13,8,COOL001,Cooler,DeepCool,0,True
2026-07-14,8,COOL001,Cooler,DeepCool,3,True
2026-07-15,8,COOL001,Cooler,DeepCool,1,True
2026-07-16,8,COOL001,Cooler,DeepCool,0,True
2026-07-17,8,COOL001,Cooler,DeepCool,0,True
2026-07-18,8,COOL001,Cooler,DeepCool,2,True
2026-07-19,8,COOL001,Cooler,DeepCool,0,True
2026-07-20,8,COOL001,Cooler,DeepCool,0,True
2026-07-21,8,COOL001,Cooler,DeepCool,0,True
2026-07-22,8,COOL001,Cooler,DeepCool,1,True
2026-07-23,8,COOL001,Cooler,DeepCool,0,True
2026-07-24,8,COOL001,Cooler,DeepCool,1,True
2026-07-25,8,COOL001,Cooler,DeepCool,0,True
2026-07-26,8,COOL001,Cooler,DeepCool,1,True
2026-07-27,8,COOL001,Cooler,DeepCool,1,True
2026-07-28,8,COOL001,Cooler,DeepCool,1,True
2026-07-29,8,COOL001,Cooler,DeepCool,3,True
2026-07-30,8,COOL001,Cooler,DeepCool,3,True
2026-07-31,8,COOL001,Cooler,DeepCool,1,True
2026-08-01,8,COOL001,Cooler,DeepCool,0,True
2026-08-02,8,COOL001,Cooler,DeepCool,1,True
2026-08-03,8,COOL001,Cooler,DeepCool,2,True
2026-08-04,8,COOL001,Cooler,DeepCool,1,True
2026-08-05,8,COOL001,Cooler,DeepCool,0,True
2026-08-06,8,COOL001,Cooler,DeepCool,1,True
2026-08-07,8,COOL001,Cooler,DeepCool,2,True
2026-08-08,8,COOL001,Cooler,DeepCool,0,True
2026-08-09,8,COOL001,Cooler,DeepCool,3,True
2026-08-10,8,COOL001,Cooler,DeepCool,1,True
2026-08-11,8,COOL001,Cooler,DeepCool,1,True
2026-08-12,8,COOL001,Cooler,DeepCool,0,True
2026-08-13,8,COOL001,Cooler,DeepCool,2,True
2026-08-14,8,COOL001,Cooler,DeepCool,2,True
2026-08-15,8,COOL001,Cooler,DeepCool,2,True
2026-08-16,8,COOL001,Cooler,DeepCool,1,True
2026-08-17,8,COOL001,Cooler,DeepCool,1,True
2026-08-18,8,COOL001,Cooler,DeepCool,1,True
2026-08-19,8,COOL001,Cooler,DeepCool,0,True
2026-08-20,8,COOL001,Cooler,DeepCool,1,True
2026-08-21,8,COOL001,Cooler,DeepCool,1,True
2026-08-22,8,COOL001,Cooler,DeepCool,1,True
2026-08-23,8,COOL001,Cooler,DeepCool,1,True
2026-08-24,8,COOL001,Cooler,DeepCool,2,True
2026-08-25,8,COOL001,Cooler,DeepCool,1,True
2026-08-26,8,COOL001,Cooler,DeepCool,1,True
2026-08-27,8,COOL001,Cooler,DeepCool,0,True
2026-08-28,8,COOL001,Cooler,DeepCool,0,True
2026-08-29,8,COOL001,Cooler,DeepCool,2,True
2026-08-30,8,COOL001,Cooler,DeepCool,5,True
2026-08-31,8,COOL001,Cooler,DeepCool,0,True
2025-03-01,9,CPU002,CPU,Intel,1,True
2025-03-02,9,CPU002,CPU,Intel,3,True
2025-03-03,9,CPU002,CPU,Intel,0,True
2025-03-04,9,CPU002,CPU,Intel,2,True
2025-03-05,9,CPU002,CPU,Intel,0,True
2025-03-06,9,CPU002,CPU,Intel,3,True
2025-03-07,9,CPU002,CPU,Intel,1,True
2025-03-08,9,CPU002,CPU,Intel,1,True
2025-03-09,9,CPU002,CPU,Intel,5,True
2025-03-10,9,CPU002,CPU,Intel,2,True
2025-03-11,9,CPU002,CPU,Intel,1,True
2025-03-12,9,CPU002,CPU,Intel,3,True
2025-03-13,9,CPU002,CPU,Intel,3,True
2025-03-14,9,CPU002,CPU,Intel,0,True
2025-03-15,9,CPU002,CPU,Intel,2,True
2025-03-16,9,CPU002,CPU,Intel,2,True
2025-03-17,9,CPU002,CPU,Intel,0,True
2025-03-18,9,CPU002,CPU,Intel,2,True
2025-03-19,9,CPU002,CPU,Intel,0,True
2025-03-20,9,CPU002,CPU,Intel,2,True
2025-03-21,9,CPU002,CPU,Intel,4,True
2025-03-22,9,CPU002,CPU,Intel,2,True
2025-03-23,9,CPU002,CPU,Intel,3,True
2025-03-24,9,CPU002,CPU,Intel,2,True
2025-03-25,9,CPU002,CPU,Intel,1,True
2025-03-26,9,CPU002,CPU,Intel,1,True
2025-03-27,9,CPU002,CPU,Intel,0,True
2025-03-28,9,CPU002,CPU,Intel,3,True
2025-03-29,9,CPU002,CPU,Intel,4,True
2025-03-30,9,CPU002,CPU,Intel,2,True
2025-03-31,9,CPU002,CPU,Intel,4,True
2025-04-01,9,CPU002,CPU,Intel,2,True
2025-04-02,9,CPU002,CPU,Intel,0,True
2025-04-03,9,CPU002,CPU,Intel,4,True
2025-04-04,9,CPU002,CPU,Intel,6,True
2025-04-05,9,CPU002,CPU,Intel,1,True
2025-04-06,9,CPU002,CPU,Intel,2,True
2025-04-07,9,CPU002,CPU,Intel,5,True
2025-04-08,9,CPU002,CPU,Intel,1,True
2025-04-09,9,CPU002,CPU,Intel,3,True
2025-04-10,9,CPU002,CPU,Intel,6,True
2025-04-11,9,CPU002,CPU,Intel,1,True
2025-04-12,9,CPU002,CPU,Intel,0,True
2025-04-13,9,CPU002,CPU,Intel,0,True
2025-04-14,9,CPU002,CPU,Intel,3,True
2025-04-15,9,CPU002,CPU,Intel,1,True
2025-04-16,9,CPU002,CPU,Intel,6,True
2025-04-17,9,CPU002,CPU,Intel,3,True
2025-04-18,9,CPU002,CPU,Intel,1,True
2025-04-19,9,CPU002,CPU,Intel,0,True
2025-04-20,9,CPU002,CPU,Intel,2,True
2025-04-21,9,CPU002,CPU,Intel,3,True
2025-04-22,9,CPU002,CPU,Intel,6,True
2025-04-23,9,CPU002,CPU,Intel,1,True
2025-04-24,9,CPU002,CPU,Intel,7,True
2025-04-25,9,CPU002,CPU,Intel,2,True
2025-04-26,9,CPU002,CPU,Intel,2,True
2025-04-27,9,CPU002,CPU,Intel,3,True
2025-04-28,9,CPU002,CPU,Intel,4,True
2025-04-29,9,CPU002,CPU,Intel,3,True
2025-04-30,9,CPU002,CPU,Intel,3,True
2025-05-01,9,CPU002,CPU,Intel,3,True
2025-05-02,9,CPU002,CPU,Intel,2,True
2025-05-03,9,CPU002,CPU,Intel,4,True
2025-05-04,9,CPU002,CPU,Intel,2,True
2025-05-05,9,CPU002,CPU,Intel,2,True
2025-05-06,9,CPU002,CPU,Intel,3,True
2025-05-07,9,CPU002,CPU,Intel,1,True
2025-05-08,9,CPU002,CPU,Intel,0,True
2025-05-09,9,CPU002,CPU,Intel,1,True
2025-05-10,9,CPU002,CPU,Intel,2,True
2025-05-11,9,CPU002,CPU,Intel,1,True
2025-05-12,9,CPU002,CPU,Intel,6,True
2025-05-13,9,CPU002,CPU,Intel,3,True
2025-05-14,9,CPU002,CPU,Intel,2,True
2025-05-15,9,CPU002,CPU,Intel,5,True
2025-05-16,9,CPU002,CPU,Intel,1,True
2025-05-17,9,CPU002,CPU,Intel,3,True
2025-05-18,9,CPU002,CPU,Intel,3,True
2025-05-19,9,CPU002,CPU,Intel,1,True
2025-05-20,9,CPU002,CPU,Intel,3,True
2025-05-21,9,CPU002,CPU,Intel,2,True
2025-05-22,9,CPU002,CPU,Intel,2,True
2025-05-23,9,CPU002,CPU,Intel,3,True
2025-05-24,9,CPU002,CPU,Intel,3,True
2025-05-25,9,CPU002,CPU,Intel,4,True
2025-05-26,9,CPU002,CPU,Intel,2,True
2025-05-27,9,CPU002,CPU,Intel,5,True
2025-05-28,9,CPU002,CPU,Intel,3,True
2025-05-29,9,CPU002,CPU,Intel,1,True
2025-05-30,9,CPU002,CPU,Intel,1,True
2025-05-31,9,CPU002,CPU,Intel,4,True
2025-06-01,9,CPU002,CPU,Intel,2,True
2025-06-02,9,CPU002,CPU,Intel,3,True
2025-06-03,9,CPU002,CPU,Intel,6,True
2025-06-04,9,CPU002,CPU,Intel,3,True
2025-06-05,9,CPU002,CPU,Intel,1,True
2025-06-06,9,CPU002,CPU,Intel,1,True
2025-06-07,9,CPU002,CPU,Intel,2,True
2025-06-08,9,CPU002,CPU,Intel,0,True
2025-06-09,9,CPU002,CPU,Intel,2,True
2025-06-10,9,CPU002,CPU,Intel,4,True
2025-06-11,9,CPU002,CPU,Intel,3,True
2025-06-12,9,CPU002,CPU,Intel,1,True
2025-06-13,9,CPU002,CPU,Intel,4,True
2025-06-14,9,CPU002,CPU,Intel,2,True
2025-06-15,9,CPU002,CPU,Intel,0,True
2025-06-16,9,CPU002,CPU,Intel,2,True
2025-06-17,9,CPU002,CPU,Intel,1,True
2025-06-18,9,CPU002,CPU,Intel,1,True
2025-06-19,9,CPU002,CPU,Intel,3,True
2025-06-20,9,CPU002,CPU,Intel,2,True
2025-06-21,9,CPU002,CPU,Intel,2,True
2025-06-22,9,CPU002,CPU,Intel,1,True
2025-06-23,9,CPU002,CPU,Intel,0,True
2025-06-24,9,CPU002,CPU,Intel,4,True
2025-06-25,9,CPU002,CPU,Intel,3,True
2025-06-26,9,CPU002,CPU,Intel,0,True
2025-06-27,9,CPU002,CPU,Intel,0,True
2025-06-28,9,CPU002,CPU,Intel,7,True
2025-06-29,9,CPU002,CPU,Intel,3,True
2025-06-30,9,CPU002,CPU,Intel,0,True
2025-07-01,9,CPU002,CPU,Intel,2,True
2025-07-02,9,CPU002,CPU,Intel,3,True
2025-07-03,9,CPU002,CPU,Intel,2,True
2025-07-04,9,CPU002,CPU,Intel,1,True
2025-07-05,9,CPU002,CPU,Intel,3,True
2025-07-06,9,CPU002,CPU,Intel,2,True
2025-07-07,9,CPU002,CPU,Intel,3,True
2025-07-08,9,CPU002,CPU,Intel,1,True
2025-07-09,9,CPU002,CPU,Intel,0,True
2025-07-10,9,CPU002,CPU,Intel,0,True
2025-07-11,9,CPU002,CPU,Intel,0,True
2025-07-12,9,CPU002,CPU,Intel,3,True
2025-07-13,9,CPU002,CPU,Intel,2,True
2025-07-14,9,CPU002,CPU,Intel,4,True
2025-07-15,9,CPU002,CPU,Intel,2,True
2025-07-16,9,CPU002,CPU,Intel,2,True
2025-07-17,9,CPU002,CPU,Intel,0,True
2025-07-18,9,CPU002,CPU,Intel,3,True
2025-07-19,9,CPU002,CPU,Intel,5,True
2025-07-20,9,CPU002,CPU,Intel,4,True
2025-07-21,9,CPU002,CPU,Intel,5,True
2025-07-22,9,CPU002,CPU,Intel,2,True
2025-07-23,9,CPU002,CPU,Intel,4,True
2025-07-24,9,CPU002,CPU,Intel,2,True
2025-07-25,9,CPU002,CPU,Intel,2,True
2025-07-26,9,CPU002,CPU,Intel,3,True
2025-07-27,9,CPU002,CPU,Intel,5,True
2025-07-28,9,CPU002,CPU,Intel,6,True
2025-07-29,9,CPU002,CPU,Intel,4,True
2025-07-30,9,CPU002,CPU,Intel,2,True
2025-07-31,9,CPU002,CPU,Intel,0,True
2025-08-01,9,CPU002,CPU,Intel,3,True
2025-08-02,9,CPU002,CPU,Intel,2,True
2025-08-03,9,CPU002,CPU,Intel,7,True
2025-08-04,9,CPU002,CPU,Intel,2,True
2025-08-05,9,CPU002,CPU,Intel,2,True
2025-08-06,9,CPU002,CPU,Intel,3,True
2025-08-07,9,CPU002,CPU,Intel,0,True
2025-08-08,9,CPU002,CPU,Intel,1,True
2025-08-09,9,CPU002,CPU,Intel,4,True
2025-08-10,9,CPU002,CPU,Intel,3,True
2025-08-11,9,CPU002,CPU,Intel,1,True
2025-08-12,9,CPU002,CPU,Intel,2,True
2025-08-13,9,CPU002,CPU,Intel,6,True
2025-08-14,9,CPU002,CPU,Intel,2,True
2025-08-15,9,CPU002,CPU,Intel,2,True
2025-08-16,9,CPU002,CPU,Intel,2,True
2025-08-17,9,CPU002,CPU,Intel,1,True
2025-08-18,9,CPU002,CPU,Intel,0,True
2025-08-19,9,CPU002,CPU,Intel,2,True
2025-08-20,9,CPU002,CPU,Intel,1,True
2025-08-21,9,CPU002,CPU,Intel,2,True
2025-08-22,9,CPU002,CPU,Intel,2,True
2025-08-23,9,CPU002,CPU,Intel,3,True
2025-08-24,9,CPU002,CPU,Intel,4,True
2025-08-25,9,CPU002,CPU,Intel,1,True
2025-08-26,9,CPU002,CPU,Intel,3,True
2025-08-27,9,CPU002,CPU,Intel,2,True
2025-08-28,9,CPU002,CPU,Intel,1,True
2025-08-29,9,CPU002,CPU,Intel,1,True
2025-08-30,9,CPU002,CPU,Intel,3,True
2025-08-31,9,CPU002,CPU,Intel,1,True
2025-09-01,9,CPU002,CPU,Intel,2,True
2025-09-02,9,CPU002,CPU,Intel,0,True
2025-09-03,9,CPU002,CPU,Intel,1,True
2025-09-04,9,CPU002,CPU,Intel,1,True
2025-09-05,9,CPU002,CPU,Intel,4,True
2025-09-06,9,CPU002,CPU,Intel,1,True
2025-09-07,9,CPU002,CPU,Intel,1,True
2025-09-08,9,CPU002,CPU,Intel,3,True
2025-09-09,9,CPU002,CPU,Intel,1,True
2025-09-10,9,CPU002,CPU,Intel,2,True
2025-09-11,9,CPU002,CPU,Intel,3,True
2025-09-12,9,CPU002,CPU,Intel,2,True
2025-09-13,9,CPU002,CPU,Intel,3,True
2025-09-14,9,CPU002,CPU,Intel,2,True
2025-09-15,9,CPU002,CPU,Intel,2,True
2025-09-16,9,CPU002,CPU,Intel,0,True
2025-09-17,9,CPU002,CPU,Intel,3,True
2025-09-18,9,CPU002,CPU,Intel,4,True
2025-09-19,9,CPU002,CPU,Intel,1,True
2025-09-20,9,CPU002,CPU,Intel,4,True
2025-09-21,9,CPU002,CPU,Intel,1,True
2025-09-22,9,CPU002,CPU,Intel,1,True
2025-09-23,9,CPU002,CPU,Intel,1,True
2025-09-24,9,CPU002,CPU,Intel,1,True
2025-09-25,9,CPU002,CPU,Intel,1,True
2025-09-26,9,CPU002,CPU,Intel,0,True
2025-09-27,9,CPU002,CPU,Intel,1,True
2025-09-28,9,CPU002,CPU,Intel,2,True
2025-09-29,9,CPU002,CPU,Intel,2,True
2025-09-30,9,CPU002,CPU,Intel,3,True
2025-10-01,9,CPU002,CPU,Intel,2,True
2025-10-02,9,CPU002,CPU,Intel,1,True
2025-10-03,9,CPU002,CPU,Intel,1,True
2025-10-04,9,CPU002,CPU,Intel,2,True
2025-10-05,9,CPU002,CPU,Intel,1,True
2025-10-06,9,CPU002,CPU,Intel,0,True
2025-10-07,9,CPU002,CPU,Intel,2,True
2025-10-08,9,CPU002,CPU,Intel,3,True
2025-10-09,9,CPU002,CPU,Intel,3,True
2025-10-10,9,CPU002,CPU,Intel,1,True
2025-10-11,9,CPU002,CPU,Intel,0,True
2025-10-12,9,CPU002,CPU,Intel,2,True
2025-10-13,9,CPU002,CPU,Intel,1,True
2025-10-14,9,CPU002,CPU,Intel,1,True
2025-10-15,9,CPU002,CPU,Intel,1,True
2025-10-16,9,CPU002,CPU,Intel,1,True
2025-10-17,9,CPU002,CPU,Intel,2,True
2025-10-18,9,CPU002,CPU,Intel,2,True
2025-10-19,9,CPU002,CPU,Intel,3,True
2025-10-20,9,CPU002,CPU,Intel,0,True
2025-10-21,9,CPU002,CPU,Intel,2,True
2025-10-22,9,CPU002,CPU,Intel,0,True
2025-10-23,9,CPU002,CPU,Intel,3,True
2025-10-24,9,CPU002,CPU,Intel,5,True
2025-10-25,9,CPU002,CPU,Intel,1,True
2025-10-26,9,CPU002,CPU,Intel,2,True
2025-10-27,9,CPU002,CPU,Intel,0,True
2025-10-28,9,CPU002,CPU,Intel,2,True
2025-10-29,9,CPU002,CPU,Intel,1,True
2025-10-30,9,CPU002,CPU,Intel,1,True
2025-10-31,9,CPU002,CPU,Intel,0,True
2025-11-01,9,CPU002,CPU,Intel,3,True
2025-11-02,9,CPU002,CPU,Intel,3,True
2025-11-03,9,CPU002,CPU,Intel,1,True
2025-11-04,9,CPU002,CPU,Intel,2,True
2025-11-05,9,CPU002,CPU,Intel,1,True
2025-11-06,9,CPU002,CPU,Intel,3,True
2025-11-07,9,CPU002,CPU,Intel,3,True
2025-11-08,9,CPU002,CPU,Intel,2,True
2025-11-09,9,CPU002,CPU,Intel,3,True
2025-11-10,9,CPU002,CPU,Intel,4,True
2025-11-11,9,CPU002,CPU,Intel,3,True
2025-11-12,9,CPU002,CPU,Intel,4,True
2025-11-13,9,CPU002,CPU,Intel,2,True
2025-11-14,9,CPU002,CPU,Intel,2,True
2025-11-15,9,CPU002,CPU,Intel,3,True
2025-11-16,9,CPU002,CPU,Intel,3,True
2025-11-17,9,CPU002,CPU,Intel,0,True
2025-11-18,9,CPU002,CPU,Intel,0,True
2025-11-19,9,CPU002,CPU,Intel,1,True
2025-11-20,9,CPU002,CPU,Intel,4,True
2025-11-21,9,CPU002,CPU,Intel,0,True
2025-11-22,9,CPU002,CPU,Intel,0,True
2025-11-23,9,CPU002,CPU,Intel,1,True
2025-11-24,9,CPU002,CPU,Intel,1,True
2025-11-25,9,CPU002,CPU,Intel,3,True
2025-11-26,9,CPU002,CPU,Intel,2,True
2025-11-27,9,CPU002,CPU,Intel,1,True
2025-11-28,9,CPU002,CPU,Intel,4,True
2025-11-29,9,CPU002,CPU,Intel,2,True
2025-11-30,9,CPU002,CPU,Intel,1,True
2025-12-01,9,CPU002,CPU,Intel,1,True
2025-12-02,9,CPU002,CPU,Intel,2,True
2025-12-03,9,CPU002,CPU,Intel,0,True
2025-12-04,9,CPU002,CPU,Intel,1,True
2025-12-05,9,CPU002,CPU,Intel,4,True
2025-12-06,9,CPU002,CPU,Intel,1,True
2025-12-07,9,CPU002,CPU,Intel,1,True
2025-12-08,9,CPU002,CPU,Intel,0,True
2025-12-09,9,CPU002,CPU,Intel,3,True
2025-12-10,9,CPU002,CPU,Intel,2,True
2025-12-11,9,CPU002,CPU,Intel,4,True
2025-12-12,9,CPU002,CPU,Intel,3,True
2025-12-13,9,CPU002,CPU,Intel,1,True
2025-12-14,9,CPU002,CPU,Intel,5,True
2025-12-15,9,CPU002,CPU,Intel,0,True
2025-12-16,9,CPU002,CPU,Intel,3,True
2025-12-17,9,CPU002,CPU,Intel,1,True
2025-12-18,9,CPU002,CPU,Intel,1,True
2025-12-19,9,CPU002,CPU,Intel,1,True
2025-12-20,9,CPU002,CPU,Intel,1,True
2025-12-21,9,CPU002,CPU,Intel,6,True
2025-12-22,9,CPU002,CPU,Intel,3,True
2025-12-23,9,CPU002,CPU,Intel,1,True
2025-12-24,9,CPU002,CPU,Intel,1,True
2025-12-25,9,CPU002,CPU,Intel,2,True
2025-12-26,9,CPU002,CPU,Intel,1,True
2025-12-27,9,CPU002,CPU,Intel,3,True
2025-12-28,9,CPU002,CPU,Intel,4,True
2025-12-29,9,CPU002,CPU,Intel,3,True
2025-12-30,9,CPU002,CPU,Intel,1,True
2025-12-31,9,CPU002,CPU,Intel,4,True
2026-01-01,9,CPU002,CPU,Intel,0,True
2026-01-02,9,CPU002,CPU,Intel,1,True
2026-01-03,9,CPU002,CPU,Intel,0,True
2026-01-04,9,CPU002,CPU,Intel,2,True
2026-01-05,9,CPU002,CPU,Intel,3,True
2026-01-06,9,CPU002,CPU,Intel,1,True
2026-01-07,9,CPU002,CPU,Intel,5,True
2026-01-08,9,CPU002,CPU,Intel,2,True
2026-01-09,9,CPU002,CPU,Intel,1,True
2026-01-10,9,CPU002,CPU,Intel,1,True
2026-01-11,9,CPU002,CPU,Intel,1,True
2026-01-12,9,CPU002,CPU,Intel,3,True
2026-01-13,9,CPU002,CPU,Intel,0,True
2026-01-14,9,CPU002,CPU,Intel,2,True
2026-01-15,9,CPU002,CPU,Intel,0,True
2026-01-16,9,CPU002,CPU,Intel,5,True
2026-01-17,9,CPU002,CPU,Intel,0,True
2026-01-18,9,CPU002,CPU,Intel,4,True
2026-01-19,9,CPU002,CPU,Intel,2,True
2026-01-20,9,CPU002,CPU,Intel,2,True
2026-01-21,9,CPU002,CPU,Intel,1,True
2026-01-22,9,CPU002,CPU,Intel,3,True
2026-01-23,9,CPU002,CPU,Intel,3,True
2026-01-24,9,CPU002,CPU,Intel,4,True
2026-01-25,9,CPU002,CPU,Intel,4,True
2026-01-26,9,CPU002,CPU,Intel,3,True
2026-01-27,9,CPU002,CPU,Intel,1,True
2026-01-28,9,CPU002,CPU,Intel,2,True
2026-01-29,9,CPU002,CPU,Intel,2,True
2026-01-30,9,CPU002,CPU,Intel,1,True
2026-01-31,9,CPU002,CPU,Intel,1,True
2026-02-01,9,CPU002,CPU,Intel,2,True
2026-02-02,9,CPU002,CPU,Intel,0,True
2026-02-03,9,CPU002,CPU,Intel,3,True
2026-02-04,9,CPU002,CPU,Intel,0,True
2026-02-05,9,CPU002,CPU,Intel,1,True
2026-02-06,9,CPU002,CPU,Intel,2,True
2026-02-07,9,CPU002,CPU,Intel,1,True
2026-02-08,9,CPU002,CPU,Intel,0,True
2026-02-09,9,CPU002,CPU,Intel,1,True
2026-02-10,9,CPU002,CPU,Intel,3,True
2026-02-11,9,CPU002,CPU,Intel,1,True
2026-02-12,9,CPU002,CPU,Intel,0,True
2026-02-13,9,CPU002,CPU,Intel,4,True
2026-02-14,9,CPU002,CPU,Intel,1,True
2026-02-15,9,CPU002,CPU,Intel,1,True
2026-02-16,9,CPU002,CPU,Intel,2,True
2026-02-17,9,CPU002,CPU,Intel,2,True
2026-02-18,9,CPU002,CPU,Intel,2,True
2026-02-19,9,CPU002,CPU,Intel,2,True
2026-02-20,9,CPU002,CPU,Intel,1,True
2026-02-21,9,CPU002,CPU,Intel,3,True
2026-02-22,9,CPU002,CPU,Intel,1,True
2026-02-23,9,CPU002,CPU,Intel,3,True
2026-02-24,9,CPU002,CPU,Intel,2,True
2026-02-25,9,CPU002,CPU,Intel,3,True
2026-02-26,9,CPU002,CPU,Intel,4,True
2026-02-27,9,CPU002,CPU,Intel,5,True
2026-02-28,9,CPU002,CPU,Intel,1,True
2026-03-01,9,CPU002,CPU,Intel,3,True
2026-03-02,9,CPU002,CPU,Intel,6,True
2026-03-03,9,CPU002,CPU,Intel,3,True
2026-03-04,9,CPU002,CPU,Intel,0,True
2026-03-05,9,CPU002,CPU,Intel,0,True
2026-03-06,9,CPU002,CPU,Intel,3,True
2026-03-07,9,CPU002,CPU,Intel,1,True
2026-03-08,9,CPU002,CPU,Intel,1,True
2026-03-09,9,CPU002,CPU,Intel,3,True
2026-03-10,9,CPU002,CPU,Intel,1,True
2026-03-11,9,CPU002,CPU,Intel,3,True
2026-03-12,9,CPU002,CPU,Intel,0,True
2026-03-13,9,CPU002,CPU,Intel,1,True
2026-03-14,9,CPU002,CPU,Intel,0,True
2026-03-15,9,CPU002,CPU,Intel,0,True
2026-03-16,9,CPU002,CPU,Intel,4,True
2026-03-17,9,CPU002,CPU,Intel,2,True
2026-03-18,9,CPU002,CPU,Intel,1,True
2026-03-19,9,CPU002,CPU,Intel,2,True
2026-03-20,9,CPU002,CPU,Intel,2,True
2026-03-21,9,CPU002,CPU,Intel,1,True
2026-03-22,9,CPU002,CPU,Intel,3,True
2026-03-23,9,CPU002,CPU,Intel,1,True
2026-03-24,9,CPU002,CPU,Intel,3,True
2026-03-25,9,CPU002,CPU,Intel,4,True
2026-03-26,9,CPU002,CPU,Intel,1,True
2026-03-27,9,CPU002,CPU,Intel,3,True
2026-03-28,9,CPU002,CPU,Intel,3,True
2026-03-29,9,CPU002,CPU,Intel,0,True
2026-03-30,9,CPU002,CPU,Intel,1,True
2026-03-31,9,CPU002,CPU,Intel,2,True
2026-04-01,9,CPU002,CPU,Intel,1,True
2026-04-02,9,CPU002,CPU,Intel,0,True
2026-04-03,9,CPU002,CPU,Intel,3,True
2026-04-04,9,CPU002,CPU,Intel,3,True
2026-04-05,9,CPU002,CPU,Intel,2,True
2026-04-06,9,CPU002,CPU,Intel,3,True
2026-04-07,9,CPU002,CPU,Intel,1,True
2026-04-08,9,CPU002,CPU,Intel,0,True
2026-04-09,9,CPU002,CPU,Intel,3,True
2026-04-10,9,CPU002,CPU,Intel,9,True
2026-04-11,9,CPU002,CPU,Intel,2,True
2026-04-12,9,CPU002,CPU,Intel,1,True
2026-04-13,9,CPU002,CPU,Intel,1,True
2026-04-14,9,CPU002,CPU,Intel,3,True
2026-04-15,9,CPU002,CPU,Intel,5,True
2026-04-16,9,CPU002,CPU,Intel,4,True
2026-04-17,9,CPU002,CPU,Intel,2,True
2026-04-18,9,CPU002,CPU,Intel,2,True
2026-04-19,9,CPU002,CPU,Intel,0,True
2026-04-20,9,CPU002,CPU,Intel,2,True
2026-04-21,9,CPU002,CPU,Intel,0,True
2026-04-22,9,CPU002,CPU,Intel,0,True
2026-04-23,9,CPU002,CPU,Intel,2,True
2026-04-24,9,CPU002,CPU,Intel,3,True
2026-04-25,9,CPU002,CPU,Intel,2,True
2026-04-26,9,CPU002,CPU,Intel,0,True
2026-04-27,9,CPU002,CPU,Intel,2,True
2026-04-28,9,CPU002,CPU,Intel,4,True
2026-04-29,9,CPU002,CPU,Intel,1,True
2026-04-30,9,CPU002,CPU,Intel,6,True
2026-05-01,9,CPU002,CPU,Intel,4,True
2026-05-02,9,CPU002,CPU,Intel,0,True
2026-05-03,9,CPU002,CPU,Intel,4,True
2026-05-04,9,CPU002,CPU,Intel,0,True
2026-05-05,9,CPU002,CPU,Intel,1,True
2026-05-06,9,CPU002,CPU,Intel,3,True
2026-05-07,9,CPU002,CPU,Intel,2,True
2026-05-08,9,CPU002,CPU,Intel,2,True
2026-05-09,9,CPU002,CPU,Intel,1,True
2026-05-10,9,CPU002,CPU,Intel,1,True
2026-05-11,9,CPU002,CPU,Intel,2,True
2026-05-12,9,CPU002,CPU,Intel,3,True
2026-05-13,9,CPU002,CPU,Intel,1,True
2026-05-14,9,CPU002,CPU,Intel,4,True
2026-05-15,9,CPU002,CPU,Intel,1,True
2026-05-16,9,CPU002,CPU,Intel,6,True
2026-05-17,9,CPU002,CPU,Intel,0,True
2026-05-18,9,CPU002,CPU,Intel,1,True
2026-05-19,9,CPU002,CPU,Intel,2,True
2026-05-20,9,CPU002,CPU,Intel,5,True
2026-05-21,9,CPU002,CPU,Intel,1,True
2026-05-22,9,CPU002,CPU,Intel,3,True
2026-05-23,9,CPU002,CPU,Intel,2,True
2026-05-24,9,CPU002,CPU,Intel,2,True
2026-05-25,9,CPU002,CPU,Intel,4,True
2026-05-26,9,CPU002,CPU,Intel,4,True
2026-05-27,9,CPU002,CPU,Intel,3,True
2026-05-28,9,CPU002,CPU,Intel,1,True
2026-05-29,9,CPU002,CPU,Intel,2,True
2026-05-30,9,CPU002,CPU,Intel,4,True
2026-05-31,9,CPU002,CPU,Intel,2,True
2026-06-01,9,CPU002,CPU,Intel,2,True
2026-06-02,9,CPU002,CPU,Intel,0,True
2026-06-03,9,CPU002,CPU,Intel,1,True
2026-06-04,9,CPU002,CPU,Intel,2,True
2026-06-05,9,CPU002,CPU,Intel,1,True
2026-06-06,9,CPU002,CPU,Intel,2,True
2026-06-07,9,CPU002,CPU,Intel,3,True
2026-06-08,9,CPU002,CPU,Intel,1,True
2026-06-09,9,CPU002,CPU,Intel,2,True
2026-06-10,9,CPU002,CPU,Intel,3,True
2026-06-11,9,CPU002,CPU,Intel,2,True
2026-06-12,9,CPU002,CPU,Intel,2,True
2026-06-13,9,CPU002,CPU,Intel,2,True
2026-06-14,9,CPU002,CPU,Intel,2,True
2026-06-15,9,CPU002,CPU,Intel,4,True
2026-06-16,9,CPU002,CPU,Intel,6,True
2026-06-17,9,CPU002,CPU,Intel,3,True
2026-06-18,9,CPU002,CPU,Intel,2,True
2026-06-19,9,CPU002,CPU,Intel,3,True
2026-06-20,9,CPU002,CPU,Intel,5,True
2026-06-21,9,CPU002,CPU,Intel,2,True
2026-06-22,9,CPU002,CPU,Intel,2,True
2026-06-23,9,CPU002,CPU,Intel,0,True
2026-06-24,9,CPU002,CPU,Intel,3,True
2026-06-25,9,CPU002,CPU,Intel,3,True
2026-06-26,9,CPU002,CPU,Intel,3,True
2026-06-27,9,CPU002,CPU,Intel,3,True
2026-06-28,9,CPU002,CPU,Intel,2,True
2026-06-29,9,CPU002,CPU,Intel,5,True
2026-06-30,9,CPU002,CPU,Intel,0,True
2026-07-01,9,CPU002,CPU,Intel,3,True
2026-07-02,9,CPU002,CPU,Intel,1,True
2026-07-03,9,CPU002,CPU,Intel,6,True
2026-07-04,9,CPU002,CPU,Intel,3,True
2026-07-05,9,CPU002,CPU,Intel,3,True
2026-07-06,9,CPU002,CPU,Intel,2,True
2026-07-07,9,CPU002,CPU,Intel,2,True
2026-07-08,9,CPU002,CPU,Intel,4,True
2026-07-09,9,CPU002,CPU,Intel,5,True
2026-07-10,9,CPU002,CPU,Intel,1,True
2026-07-11,9,CPU002,CPU,Intel,4,True
2026-07-12,9,CPU002,CPU,Intel,3,True
2026-07-13,9,CPU002,CPU,Intel,3,True
2026-07-14,9,CPU002,CPU,Intel,1,True
2026-07-15,9,CPU002,CPU,Intel,3,True
2026-07-16,9,CPU002,CPU,Intel,0,True
2026-07-17,9,CPU002,CPU,Intel,4,True
2026-07-18,9,CPU002,CPU,Intel,1,True
2026-07-19,9,CPU002,CPU,Intel,4,True
2026-07-20,9,CPU002,CPU,Intel,3,True
2026-07-21,9,CPU002,CPU,Intel,3,True
2026-07-22,9,CPU002,CPU,Intel,2,True
2026-07-23,9,CPU002,CPU,Intel,4,True
2026-07-24,9,CPU002,CPU,Intel,0,True
2026-07-25,9,CPU002,CPU,Intel,2,True
2026-07-26,9,CPU002,CPU,Intel,4,True
2026-07-27,9,CPU002,CPU,Intel,3,True
2026-07-28,9,CPU002,CPU,Intel,1,True
2026-07-29,9,CPU002,CPU,Intel,1,True
2026-07-30,9,CPU002,CPU,Intel,1,True
2026-07-31,9,CPU002,CPU,Intel,4,True
2026-08-01,9,CPU002,CPU,Intel,0,True
2026-08-02,9,CPU002,CPU,Intel,2,True
2026-08-03,9,CPU002,CPU,Intel,0,True
2026-08-04,9,CPU002,CPU,Intel,2,True
2026-08-05,9,CPU002,CPU,Intel,1,True
2026-08-06,9,CPU002,CPU,Intel,1,True
2026-08-07,9,CPU002,CPU,Intel,4,True
2026-08-08,9,CPU002,CPU,Intel,2,True
2026-08-09,9,CPU002,CPU,Intel,4,True
2026-08-10,9,CPU002,CPU,Intel,2,True
2026-08-11,9,CPU002,CPU,Intel,1,True
2026-08-12,9,CPU002,CPU,Intel,2,True
2026-08-13,9,CPU002,CPU,Intel,1,True
2026-08-14,9,CPU002,CPU,Intel,2,True
2026-08-15,9,CPU002,CPU,Intel,1,True
2026-08-16,9,CPU002,CPU,Intel,1,True
2026-08-17,9,CPU002,CPU,Intel,1,True
2026-08-18,9,CPU002,CPU,Intel,1,True
2026-08-19,9,CPU002,CPU,Intel,5,True
2026-08-20,9,CPU002,CPU,Intel,2,True
2026-08-21,9,CPU002,CPU,Intel,3,True
2026-08-22,9,CPU002,CPU,Intel,1,True
2026-08-23,9,CPU002,CPU,Intel,2,True
2026-08-24,9,CPU002,CPU,Intel,2,True
2026-08-25,9,CPU002,CPU,Intel,5,True
2026-08-26,9,CPU002,CPU,Intel,3,True
2026-08-27,9,CPU002,CPU,Intel,2,True
2026-08-28,9,CPU002,CPU,Intel,0,True
2026-08-29,9,CPU002,CPU,Intel,0,True
2026-08-30,9,CPU002,CPU,Intel,4,True
2026-08-31,9,CPU002,CPU,Intel,2,True
2025-03-01,10,MB002,Motherboard,ASUS,2,True
2025-03-02,10,MB002,Motherboard,ASUS,3,True
2025-03-03,10,MB002,Motherboard,ASUS,1,True
2025-03-04,10,MB002,Motherboard,ASUS,1,True
2025-03-05,10,MB002,Motherboard,ASUS,1,True
2025-03-06,10,MB002,Motherboard,ASUS,1,True
2025-03-07,10,MB002,Motherboard,ASUS,0,True
2025-03-08,10,MB002,Motherboard,ASUS,2,True
2025-03-09,10,MB002,Motherboard,ASUS,1,True
2025-03-10,10,MB002,Motherboard,ASUS,3,True
2025-03-11,10,MB002,Motherboard,ASUS,1,True
2025-03-12,10,MB002,Motherboard,ASUS,1,True
2025-03-13,10,MB002,Motherboard,ASUS,2,True
2025-03-14,10,MB002,Motherboard,ASUS,1,True
2025-03-15,10,MB002,Motherboard,ASUS,1,True
2025-03-16,10,MB002,Motherboard,ASUS,1,True
2025-03-17,10,MB002,Motherboard,ASUS,3,True
2025-03-18,10,MB002,Motherboard,ASUS,2,True
2025-03-19,10,MB002,Motherboard,ASUS,2,True
2025-03-20,10,MB002,Motherboard,ASUS,1,True
2025-03-21,10,MB002,Motherboard,ASUS,0,True
2025-03-22,10,MB002,Motherboard,ASUS,1,True
2025-03-23,10,MB002,Motherboard,ASUS,1,True
2025-03-24,10,MB002,Motherboard,ASUS,1,True
2025-03-25,10,MB002,Motherboard,ASUS,2,True
2025-03-26,10,MB002,Motherboard,ASUS,1,True
2025-03-27,10,MB002,Motherboard,ASUS,2,True
2025-03-28,10,MB002,Motherboard,ASUS,7,True
2025-03-29,10,MB002,Motherboard,ASUS,1,True
2025-03-30,10,MB002,Motherboard,ASUS,2,True
2025-03-31,10,MB002,Motherboard,ASUS,2,True
2025-04-01,10,MB002,Motherboard,ASUS,1,True
2025-04-02,10,MB002,Motherboard,ASUS,3,True
2025-04-03,10,MB002,Motherboard,ASUS,2,True
2025-04-04,10,MB002,Motherboard,ASUS,1,True
2025-04-05,10,MB002,Motherboard,ASUS,2,True
2025-04-06,10,MB002,Motherboard,ASUS,3,True
2025-04-07,10,MB002,Motherboard,ASUS,2,True
2025-04-08,10,MB002,Motherboard,ASUS,2,True
2025-04-09,10,MB002,Motherboard,ASUS,1,True
2025-04-10,10,MB002,Motherboard,ASUS,2,True
2025-04-11,10,MB002,Motherboard,ASUS,2,True
2025-04-12,10,MB002,Motherboard,ASUS,2,True
2025-04-13,10,MB002,Motherboard,ASUS,1,True
2025-04-14,10,MB002,Motherboard,ASUS,1,True
2025-04-15,10,MB002,Motherboard,ASUS,4,True
2025-04-16,10,MB002,Motherboard,ASUS,2,True
2025-04-17,10,MB002,Motherboard,ASUS,1,True
2025-04-18,10,MB002,Motherboard,ASUS,2,True
2025-04-19,10,MB002,Motherboard,ASUS,1,True
2025-04-20,10,MB002,Motherboard,ASUS,1,True
2025-04-21,10,MB002,Motherboard,ASUS,0,True
2025-04-22,10,MB002,Motherboard,ASUS,2,True
2025-04-23,10,MB002,Motherboard,ASUS,2,True
2025-04-24,10,MB002,Motherboard,ASUS,1,True
2025-04-25,10,MB002,Motherboard,ASUS,0,True
2025-04-26,10,MB002,Motherboard,ASUS,0,True
2025-04-27,10,MB002,Motherboard,ASUS,2,True
2025-04-28,10,MB002,Motherboard,ASUS,2,True
2025-04-29,10,MB002,Motherboard,ASUS,1,True
2025-04-30,10,MB002,Motherboard,ASUS,2,True
2025-05-01,10,MB002,Motherboard,ASUS,2,True
2025-05-02,10,MB002,Motherboard,ASUS,0,True
2025-05-03,10,MB002,Motherboard,ASUS,4,True
2025-05-04,10,MB002,Motherboard,ASUS,1,True
2025-05-05,10,MB002,Motherboard,ASUS,1,True
2025-05-06,10,MB002,Motherboard,ASUS,1,True
2025-05-07,10,MB002,Motherboard,ASUS,1,True
2025-05-08,10,MB002,Motherboard,ASUS,0,True
2025-05-09,10,MB002,Motherboard,ASUS,0,True
2025-05-10,10,MB002,Motherboard,ASUS,1,True
2025-05-11,10,MB002,Motherboard,ASUS,8,True
2025-05-12,10,MB002,Motherboard,ASUS,2,True
2025-05-13,10,MB002,Motherboard,ASUS,1,True
2025-05-14,10,MB002,Motherboard,ASUS,3,True
2025-05-15,10,MB002,Motherboard,ASUS,0,True
2025-05-16,10,MB002,Motherboard,ASUS,0,True
2025-05-17,10,MB002,Motherboard,ASUS,5,True
2025-05-18,10,MB002,Motherboard,ASUS,0,True
2025-05-19,10,MB002,Motherboard,ASUS,0,True
2025-05-20,10,MB002,Motherboard,ASUS,2,True
2025-05-21,10,MB002,Motherboard,ASUS,2,True
2025-05-22,10,MB002,Motherboard,ASUS,1,True
2025-05-23,10,MB002,Motherboard,ASUS,4,True
2025-05-24,10,MB002,Motherboard,ASUS,5,True
2025-05-25,10,MB002,Motherboard,ASUS,2,True
2025-05-26,10,MB002,Motherboard,ASUS,1,True
2025-05-27,10,MB002,Motherboard,ASUS,2,True
2025-05-28,10,MB002,Motherboard,ASUS,0,True
2025-05-29,10,MB002,Motherboard,ASUS,3,True
2025-05-30,10,MB002,Motherboard,ASUS,0,True
2025-05-31,10,MB002,Motherboard,ASUS,4,True
2025-06-01,10,MB002,Motherboard,ASUS,0,True
2025-06-02,10,MB002,Motherboard,ASUS,1,True
2025-06-03,10,MB002,Motherboard,ASUS,2,True
2025-06-04,10,MB002,Motherboard,ASUS,2,True
2025-06-05,10,MB002,Motherboard,ASUS,2,True
2025-06-06,10,MB002,Motherboard,ASUS,1,True
2025-06-07,10,MB002,Motherboard,ASUS,2,True
2025-06-08,10,MB002,Motherboard,ASUS,2,True
2025-06-09,10,MB002,Motherboard,ASUS,0,True
2025-06-10,10,MB002,Motherboard,ASUS,2,True
2025-06-11,10,MB002,Motherboard,ASUS,2,True
2025-06-12,10,MB002,Motherboard,ASUS,0,True
2025-06-13,10,MB002,Motherboard,ASUS,5,True
2025-06-14,10,MB002,Motherboard,ASUS,0,True
2025-06-15,10,MB002,Motherboard,ASUS,1,True
2025-06-16,10,MB002,Motherboard,ASUS,1,True
2025-06-17,10,MB002,Motherboard,ASUS,3,True
2025-06-18,10,MB002,Motherboard,ASUS,2,True
2025-06-19,10,MB002,Motherboard,ASUS,1,True
2025-06-20,10,MB002,Motherboard,ASUS,1,True
2025-06-21,10,MB002,Motherboard,ASUS,1,True
2025-06-22,10,MB002,Motherboard,ASUS,2,True
2025-06-23,10,MB002,Motherboard,ASUS,0,True
2025-06-24,10,MB002,Motherboard,ASUS,2,True
2025-06-25,10,MB002,Motherboard,ASUS,1,True
2025-06-26,10,MB002,Motherboard,ASUS,2,True
2025-06-27,10,MB002,Motherboard,ASUS,2,True
2025-06-28,10,MB002,Motherboard,ASUS,1,True
2025-06-29,10,MB002,Motherboard,ASUS,1,True
2025-06-30,10,MB002,Motherboard,ASUS,2,True
2025-07-01,10,MB002,Motherboard,ASUS,2,True
2025-07-02,10,MB002,Motherboard,ASUS,1,True
2025-07-03,10,MB002,Motherboard,ASUS,1,True
2025-07-04,10,MB002,Motherboard,ASUS,2,True
2025-07-05,10,MB002,Motherboard,ASUS,2,True
2025-07-06,10,MB002,Motherboard,ASUS,1,True
2025-07-07,10,MB002,Motherboard,ASUS,2,True
2025-07-08,10,MB002,Motherboard,ASUS,1,True
2025-07-09,10,MB002,Motherboard,ASUS,1,True
2025-07-10,10,MB002,Motherboard,ASUS,2,True
2025-07-11,10,MB002,Motherboard,ASUS,3,True
2025-07-12,10,MB002,Motherboard,ASUS,1,True
2025-07-13,10,MB002,Motherboard,ASUS,0,True
2025-07-14,10,MB002,Motherboard,ASUS,0,True
2025-07-15,10,MB002,Motherboard,ASUS,2,True
2025-07-16,10,MB002,Motherboard,ASUS,0,True
2025-07-17,10,MB002,Motherboard,ASUS,0,True
2025-07-18,10,MB002,Motherboard,ASUS,0,True
2025-07-19,10,MB002,Motherboard,ASUS,3,True
2025-07-20,10,MB002,Motherboard,ASUS,1,True
2025-07-21,10,MB002,Motherboard,ASUS,2,True
2025-07-22,10,MB002,Motherboard,ASUS,4,True
2025-07-23,10,MB002,Motherboard,ASUS,0,True
2025-07-24,10,MB002,Motherboard,ASUS,1,True
2025-07-25,10,MB002,Motherboard,ASUS,1,True
2025-07-26,10,MB002,Motherboard,ASUS,2,True
2025-07-27,10,MB002,Motherboard,ASUS,1,True
2025-07-28,10,MB002,Motherboard,ASUS,1,True
2025-07-29,10,MB002,Motherboard,ASUS,2,True
2025-07-30,10,MB002,Motherboard,ASUS,1,True
2025-07-31,10,MB002,Motherboard,ASUS,0,True
2025-08-01,10,MB002,Motherboard,ASUS,2,True
2025-08-02,10,MB002,Motherboard,ASUS,0,True
2025-08-03,10,MB002,Motherboard,ASUS,1,True
2025-08-04,10,MB002,Motherboard,ASUS,2,True
2025-08-05,10,MB002,Motherboard,ASUS,0,True
2025-08-06,10,MB002,Motherboard,ASUS,2,True
2025-08-07,10,MB002,Motherboard,ASUS,3,True
2025-08-08,10,MB002,Motherboard,ASUS,0,True
2025-08-09,10,MB002,Motherboard,ASUS,2,True
2025-08-10,10,MB002,Motherboard,ASUS,1,True
2025-08-11,10,MB002,Motherboard,ASUS,0,True
2025-08-12,10,MB002,Motherboard,ASUS,0,True
2025-08-13,10,MB002,Motherboard,ASUS,3,True
2025-08-14,10,MB002,Motherboard,ASUS,3,True
2025-08-15,10,MB002,Motherboard,ASUS,3,True
2025-08-16,10,MB002,Motherboard,ASUS,2,True
2025-08-17,10,MB002,Motherboard,ASUS,0,True
2025-08-18,10,MB002,Motherboard,ASUS,4,True
2025-08-19,10,MB002,Motherboard,ASUS,1,True
2025-08-20,10,MB002,Motherboard,ASUS,1,True
2025-08-21,10,MB002,Motherboard,ASUS,1,True
2025-08-22,10,MB002,Motherboard,ASUS,2,True
2025-08-23,10,MB002,Motherboard,ASUS,2,True
2025-08-24,10,MB002,Motherboard,ASUS,2,True
2025-08-25,10,MB002,Motherboard,ASUS,2,True
2025-08-26,10,MB002,Motherboard,ASUS,0,True
2025-08-27,10,MB002,Motherboard,ASUS,1,True
2025-08-28,10,MB002,Motherboard,ASUS,0,True
2025-08-29,10,MB002,Motherboard,ASUS,1,True
2025-08-30,10,MB002,Motherboard,ASUS,1,True
2025-08-31,10,MB002,Motherboard,ASUS,3,True
2025-09-01,10,MB002,Motherboard,ASUS,0,True
2025-09-02,10,MB002,Motherboard,ASUS,1,True
2025-09-03,10,MB002,Motherboard,ASUS,2,True
2025-09-04,10,MB002,Motherboard,ASUS,3,True
2025-09-05,10,MB002,Motherboard,ASUS,4,True
2025-09-06,10,MB002,Motherboard,ASUS,1,True
2025-09-07,10,MB002,Motherboard,ASUS,1,True
2025-09-08,10,MB002,Motherboard,ASUS,2,True
2025-09-09,10,MB002,Motherboard,ASUS,0,True
2025-09-10,10,MB002,Motherboard,ASUS,1,True
2025-09-11,10,MB002,Motherboard,ASUS,0,True
2025-09-12,10,MB002,Motherboard,ASUS,3,True
2025-09-13,10,MB002,Motherboard,ASUS,1,True
2025-09-14,10,MB002,Motherboard,ASUS,0,True
2025-09-15,10,MB002,Motherboard,ASUS,1,True
2025-09-16,10,MB002,Motherboard,ASUS,0,True
2025-09-17,10,MB002,Motherboard,ASUS,1,True
2025-09-18,10,MB002,Motherboard,ASUS,3,True
2025-09-19,10,MB002,Motherboard,ASUS,2,True
2025-09-20,10,MB002,Motherboard,ASUS,0,True
2025-09-21,10,MB002,Motherboard,ASUS,0,True
2025-09-22,10,MB002,Motherboard,ASUS,0,True
2025-09-23,10,MB002,Motherboard,ASUS,0,True
2025-09-24,10,MB002,Motherboard,ASUS,2,True
2025-09-25,10,MB002,Motherboard,ASUS,4,True
2025-09-26,10,MB002,Motherboard,ASUS,3,True
2025-09-27,10,MB002,Motherboard,ASUS,4,True
2025-09-28,10,MB002,Motherboard,ASUS,1,True
2025-09-29,10,MB002,Motherboard,ASUS,1,True
2025-09-30,10,MB002,Motherboard,ASUS,1,True
2025-10-01,10,MB002,Motherboard,ASUS,2,True
2025-10-02,10,MB002,Motherboard,ASUS,1,True
2025-10-03,10,MB002,Motherboard,ASUS,4,True
2025-10-04,10,MB002,Motherboard,ASUS,2,True
2025-10-05,10,MB002,Motherboard,ASUS,0,True
2025-10-06,10,MB002,Motherboard,ASUS,2,True
2025-10-07,10,MB002,Motherboard,ASUS,3,True
2025-10-08,10,MB002,Motherboard,ASUS,1,True
2025-10-09,10,MB002,Motherboard,ASUS,0,True
2025-10-10,10,MB002,Motherboard,ASUS,0,True
2025-10-11,10,MB002,Motherboard,ASUS,1,True
2025-10-12,10,MB002,Motherboard,ASUS,1,True
2025-10-13,10,MB002,Motherboard,ASUS,3,True
2025-10-14,10,MB002,Motherboard,ASUS,0,True
2025-10-15,10,MB002,Motherboard,ASUS,2,True
2025-10-16,10,MB002,Motherboard,ASUS,0,True
2025-10-17,10,MB002,Motherboard,ASUS,2,True
2025-10-18,10,MB002,Motherboard,ASUS,1,True
2025-10-19,10,MB002,Motherboard,ASUS,0,True
2025-10-20,10,MB002,Motherboard,ASUS,1,True
2025-10-21,10,MB002,Motherboard,ASUS,1,True
2025-10-22,10,MB002,Motherboard,ASUS,0,True
2025-10-23,10,MB002,Motherboard,ASUS,1,True
2025-10-24,10,MB002,Motherboard,ASUS,2,True
2025-10-25,10,MB002,Motherboard,ASUS,1,True
2025-10-26,10,MB002,Motherboard,ASUS,2,True
2025-10-27,10,MB002,Motherboard,ASUS,0,True
2025-10-28,10,MB002,Motherboard,ASUS,4,True
2025-10-29,10,MB002,Motherboard,ASUS,0,True
2025-10-30,10,MB002,Motherboard,ASUS,1,True
2025-10-31,10,MB002,Motherboard,ASUS,2,True
2025-11-01,10,MB002,Motherboard,ASUS,2,True
2025-11-02,10,MB002,Motherboard,ASUS,1,True
2025-11-03,10,MB002,Motherboard,ASUS,0,True
2025-11-04,10,MB002,Motherboard,ASUS,1,True
2025-11-05,10,MB002,Motherboard,ASUS,1,True
2025-11-06,10,MB002,Motherboard,ASUS,2,True
2025-11-07,10,MB002,Motherboard,ASUS,2,True
2025-11-08,10,MB002,Motherboard,ASUS,2,True
2025-11-09,10,MB002,Motherboard,ASUS,1,True
2025-11-10,10,MB002,Motherboard,ASUS,0,True
2025-11-11,10,MB002,Motherboard,ASUS,1,True
2025-11-12,10,MB002,Motherboard,ASUS,2,True
2025-11-13,10,MB002,Motherboard,ASUS,1,True
2025-11-14,10,MB002,Motherboard,ASUS,0,True
2025-11-15,10,MB002,Motherboard,ASUS,1,True
2025-11-16,10,MB002,Motherboard,ASUS,0,True
2025-11-17,10,MB002,Motherboard,ASUS,1,True
2025-11-18,10,MB002,Motherboard,ASUS,2,True
2025-11-19,10,MB002,Motherboard,ASUS,0,True
2025-11-20,10,MB002,Motherboard,ASUS,3,True
2025-11-21,10,MB002,Motherboard,ASUS,1,True
2025-11-22,10,MB002,Motherboard,ASUS,1,True
2025-11-23,10,MB002,Motherboard,ASUS,4,True
2025-11-24,10,MB002,Motherboard,ASUS,1,True
2025-11-25,10,MB002,Motherboard,ASUS,1,True
2025-11-26,10,MB002,Motherboard,ASUS,2,True
2025-11-27,10,MB002,Motherboard,ASUS,0,True
2025-11-28,10,MB002,Motherboard,ASUS,1,True
2025-11-29,10,MB002,Motherboard,ASUS,2,True
2025-11-30,10,MB002,Motherboard,ASUS,0,True
2025-12-01,10,MB002,Motherboard,ASUS,1,True
2025-12-02,10,MB002,Motherboard,ASUS,0,True
2025-12-03,10,MB002,Motherboard,ASUS,2,True
2025-12-04,10,MB002,Motherboard,ASUS,1,True
2025-12-05,10,MB002,Motherboard,ASUS,1,True
2025-12-06,10,MB002,Motherboard,ASUS,2,True
2025-12-07,10,MB002,Motherboard,ASUS,1,True
2025-12-08,10,MB002,Motherboard,ASUS,4,True
2025-12-09,10,MB002,Motherboard,ASUS,4,True
2025-12-10,10,MB002,Motherboard,ASUS,2,True
2025-12-11,10,MB002,Motherboard,ASUS,6,True
2025-12-12,10,MB002,Motherboard,ASUS,1,True
2025-12-13,10,MB002,Motherboard,ASUS,1,True
2025-12-14,10,MB002,Motherboard,ASUS,0,True
2025-12-15,10,MB002,Motherboard,ASUS,0,True
2025-12-16,10,MB002,Motherboard,ASUS,2,True
2025-12-17,10,MB002,Motherboard,ASUS,1,True
2025-12-18,10,MB002,Motherboard,ASUS,1,True
2025-12-19,10,MB002,Motherboard,ASUS,1,True
2025-12-20,10,MB002,Motherboard,ASUS,2,True
2025-12-21,10,MB002,Motherboard,ASUS,1,True
2025-12-22,10,MB002,Motherboard,ASUS,3,True
2025-12-23,10,MB002,Motherboard,ASUS,1,True
2025-12-24,10,MB002,Motherboard,ASUS,2,True
2025-12-25,10,MB002,Motherboard,ASUS,2,True
2025-12-26,10,MB002,Motherboard,ASUS,4,True
2025-12-27,10,MB002,Motherboard,ASUS,7,True
2025-12-28,10,MB002,Motherboard,ASUS,5,True
2025-12-29,10,MB002,Motherboard,ASUS,2,True
2025-12-30,10,MB002,Motherboard,ASUS,2,True
2025-12-31,10,MB002,Motherboard,ASUS,1,True
2026-01-01,10,MB002,Motherboard,ASUS,0,True
2026-01-02,10,MB002,Motherboard,ASUS,2,True
2026-01-03,10,MB002,Motherboard,ASUS,1,True
2026-01-04,10,MB002,Motherboard,ASUS,1,True
2026-01-05,10,MB002,Motherboard,ASUS,1,True
2026-01-06,10,MB002,Motherboard,ASUS,1,True
2026-01-07,10,MB002,Motherboard,ASUS,2,True
2026-01-08,10,MB002,Motherboard,ASUS,1,True
2026-01-09,10,MB002,Motherboard,ASUS,2,True
2026-01-10,10,MB002,Motherboard,ASUS,2,True
2026-01-11,10,MB002,Motherboard,ASUS,0,True
2026-01-12,10,MB002,Motherboard,ASUS,2,True
2026-01-13,10,MB002,Motherboard,ASUS,1,True
2026-01-14,10,MB002,Motherboard,ASUS,0,True
2026-01-15,10,MB002,Motherboard,ASUS,2,True
2026-01-16,10,MB002,Motherboard,ASUS,1,True
2026-01-17,10,MB002,Motherboard,ASUS,1,True
2026-01-18,10,MB002,Motherboard,ASUS,0,True
2026-01-19,10,MB002,Motherboard,ASUS,0,True
2026-01-20,10,MB002,Motherboard,ASUS,1,True
2026-01-21,10,MB002,Motherboard,ASUS,0,True
2026-01-22,10,MB002,Motherboard,ASUS,0,True
2026-01-23,10,MB002,Motherboard,ASUS,0,True
2026-01-24,10,MB002,Motherboard,ASUS,0,True
2026-01-25,10,MB002,Motherboard,ASUS,2,True
2026-01-26,10,MB002,Motherboard,ASUS,3,True
2026-01-27,10,MB002,Motherboard,ASUS,0,True
2026-01-28,10,MB002,Motherboard,ASUS,0,True
2026-01-29,10,MB002,Motherboard,ASUS,0,True
2026-01-30,10,MB002,Motherboard,ASUS,3,True
2026-01-31,10,MB002,Motherboard,ASUS,2,True
2026-02-01,10,MB002,Motherboard,ASUS,2,True
2026-02-02,10,MB002,Motherboard,ASUS,3,True
2026-02-03,10,MB002,Motherboard,ASUS,1,True
2026-02-04,10,MB002,Motherboard,ASUS,0,True
2026-02-05,10,MB002,Motherboard,ASUS,0,True
2026-02-06,10,MB002,Motherboard,ASUS,1,True
2026-02-07,10,MB002,Motherboard,ASUS,2,True
2026-02-08,10,MB002,Motherboard,ASUS,3,True
2026-02-09,10,MB002,Motherboard,ASUS,0,True
2026-02-10,10,MB002,Motherboard,ASUS,1,True
2026-02-11,10,MB002,Motherboard,ASUS,0,True
2026-02-12,10,MB002,Motherboard,ASUS,1,True
2026-02-13,10,MB002,Motherboard,ASUS,1,True
2026-02-14,10,MB002,Motherboard,ASUS,2,True
2026-02-15,10,MB002,Motherboard,ASUS,2,True
2026-02-16,10,MB002,Motherboard,ASUS,4,True
2026-02-17,10,MB002,Motherboard,ASUS,0,True
2026-02-18,10,MB002,Motherboard,ASUS,0,True
2026-02-19,10,MB002,Motherboard,ASUS,0,True
2026-02-20,10,MB002,Motherboard,ASUS,1,True
2026-02-21,10,MB002,Motherboard,ASUS,0,True
2026-02-22,10,MB002,Motherboard,ASUS,3,True
2026-02-23,10,MB002,Motherboard,ASUS,0,True
2026-02-24,10,MB002,Motherboard,ASUS,1,True
2026-02-25,10,MB002,Motherboard,ASUS,2,True
2026-02-26,10,MB002,Motherboard,ASUS,1,True
2026-02-27,10,MB002,Motherboard,ASUS,1,True
2026-02-28,10,MB002,Motherboard,ASUS,0,True
2026-03-01,10,MB002,Motherboard,ASUS,5,True
2026-03-02,10,MB002,Motherboard,ASUS,1,True
2026-03-03,10,MB002,Motherboard,ASUS,1,True
2026-03-04,10,MB002,Motherboard,ASUS,1,True
2026-03-05,10,MB002,Motherboard,ASUS,2,True
2026-03-06,10,MB002,Motherboard,ASUS,3,True
2026-03-07,10,MB002,Motherboard,ASUS,0,True
2026-03-08,10,MB002,Motherboard,ASUS,1,True
2026-03-09,10,MB002,Motherboard,ASUS,2,True
2026-03-10,10,MB002,Motherboard,ASUS,3,True
2026-03-11,10,MB002,Motherboard,ASUS,1,True
2026-03-12,10,MB002,Motherboard,ASUS,2,True
2026-03-13,10,MB002,Motherboard,ASUS,2,True
2026-03-14,10,MB002,Motherboard,ASUS,4,True
2026-03-15,10,MB002,Motherboard,ASUS,3,True
2026-03-16,10,MB002,Motherboard,ASUS,0,True
2026-03-17,10,MB002,Motherboard,ASUS,1,True
2026-03-18,10,MB002,Motherboard,ASUS,5,True
2026-03-19,10,MB002,Motherboard,ASUS,4,True
2026-03-20,10,MB002,Motherboard,ASUS,1,True
2026-03-21,10,MB002,Motherboard,ASUS,0,True
2026-03-22,10,MB002,Motherboard,ASUS,1,True
2026-03-23,10,MB002,Motherboard,ASUS,0,True
2026-03-24,10,MB002,Motherboard,ASUS,2,True
2026-03-25,10,MB002,Motherboard,ASUS,4,True
2026-03-26,10,MB002,Motherboard,ASUS,1,True
2026-03-27,10,MB002,Motherboard,ASUS,3,True
2026-03-28,10,MB002,Motherboard,ASUS,3,True
2026-03-29,10,MB002,Motherboard,ASUS,2,True
2026-03-30,10,MB002,Motherboard,ASUS,3,True
2026-03-31,10,MB002,Motherboard,ASUS,1,True
2026-04-01,10,MB002,Motherboard,ASUS,0,True
2026-04-02,10,MB002,Motherboard,ASUS,1,True
2026-04-03,10,MB002,Motherboard,ASUS,3,True
2026-04-04,10,MB002,Motherboard,ASUS,1,True
2026-04-05,10,MB002,Motherboard,ASUS,0,True
2026-04-06,10,MB002,Motherboard,ASUS,2,True
2026-04-07,10,MB002,Motherboard,ASUS,2,True
2026-04-08,10,MB002,Motherboard,ASUS,0,True
2026-04-09,10,MB002,Motherboard,ASUS,7,True
2026-04-10,10,MB002,Motherboard,ASUS,2,True
2026-04-11,10,MB002,Motherboard,ASUS,2,True
2026-04-12,10,MB002,Motherboard,ASUS,2,True
2026-04-13,10,MB002,Motherboard,ASUS,6,True
2026-04-14,10,MB002,Motherboard,ASUS,2,True
2026-04-15,10,MB002,Motherboard,ASUS,1,True
2026-04-16,10,MB002,Motherboard,ASUS,1,True
2026-04-17,10,MB002,Motherboard,ASUS,2,True
2026-04-18,10,MB002,Motherboard,ASUS,1,True
2026-04-19,10,MB002,Motherboard,ASUS,0,True
2026-04-20,10,MB002,Motherboard,ASUS,0,True
2026-04-21,10,MB002,Motherboard,ASUS,4,True
2026-04-22,10,MB002,Motherboard,ASUS,0,True
2026-04-23,10,MB002,Motherboard,ASUS,1,True
2026-04-24,10,MB002,Motherboard,ASUS,2,True
2026-04-25,10,MB002,Motherboard,ASUS,1,True
2026-04-26,10,MB002,Motherboard,ASUS,1,True
2026-04-27,10,MB002,Motherboard,ASUS,2,True
2026-04-28,10,MB002,Motherboard,ASUS,2,True
2026-04-29,10,MB002,Motherboard,ASUS,2,True
2026-04-30,10,MB002,Motherboard,ASUS,2,True
2026-05-01,10,MB002,Motherboard,ASUS,1,True
2026-05-02,10,MB002,Motherboard,ASUS,3,True
2026-05-03,10,MB002,Motherboard,ASUS,1,True
2026-05-04,10,MB002,Motherboard,ASUS,3,True
2026-05-05,10,MB002,Motherboard,ASUS,11,True
2026-05-06,10,MB002,Motherboard,ASUS,0,True
2026-05-07,10,MB002,Motherboard,ASUS,3,True
2026-05-08,10,MB002,Motherboard,ASUS,3,True
2026-05-09,10,MB002,Motherboard,ASUS,4,True
2026-05-10,10,MB002,Motherboard,ASUS,1,True
2026-05-11,10,MB002,Motherboard,ASUS,0,True
2026-05-12,10,MB002,Motherboard,ASUS,1,True
2026-05-13,10,MB002,Motherboard,ASUS,1,True
2026-05-14,10,MB002,Motherboard,ASUS,0,True
2026-05-15,10,MB002,Motherboard,ASUS,2,True
2026-05-16,10,MB002,Motherboard,ASUS,0,True
2026-05-17,10,MB002,Motherboard,ASUS,0,True
2026-05-18,10,MB002,Motherboard,ASUS,3,True
2026-05-19,10,MB002,Motherboard,ASUS,0,True
2026-05-20,10,MB002,Motherboard,ASUS,1,True
2026-05-21,10,MB002,Motherboard,ASUS,2,True
2026-05-22,10,MB002,Motherboard,ASUS,0,True
2026-05-23,10,MB002,Motherboard,ASUS,0,True
2026-05-24,10,MB002,Motherboard,ASUS,4,True
2026-05-25,10,MB002,Motherboard,ASUS,1,True
2026-05-26,10,MB002,Motherboard,ASUS,0,True
2026-05-27,10,MB002,Motherboard,ASUS,1,True
2026-05-28,10,MB002,Motherboard,ASUS,3,True
2026-05-29,10,MB002,Motherboard,ASUS,0,True
2026-05-30,10,MB002,Motherboard,ASUS,1,True
2026-05-31,10,MB002,Motherboard,ASUS,2,True
2026-06-01,10,MB002,Motherboard,ASUS,3,True
2026-06-02,10,MB002,Motherboard,ASUS,2,True
2026-06-03,10,MB002,Motherboard,ASUS,1,True
2026-06-04,10,MB002,Motherboard,ASUS,0,True
2026-06-05,10,MB002,Motherboard,ASUS,0,True
2026-06-06,10,MB002,Motherboard,ASUS,1,True
2026-06-07,10,MB002,Motherboard,ASUS,1,True
2026-06-08,10,MB002,Motherboard,ASUS,3,True
2026-06-09,10,MB002,Motherboard,ASUS,1,True
2026-06-10,10,MB002,Motherboard,ASUS,1,True
2026-06-11,10,MB002,Motherboard,ASUS,3,True
2026-06-12,10,MB002,Motherboard,ASUS,1,True
2026-06-13,10,MB002,Motherboard,ASUS,0,True
2026-06-14,10,MB002,Motherboard,ASUS,3,True
2026-06-15,10,MB002,Motherboard,ASUS,1,True
2026-06-16,10,MB002,Motherboard,ASUS,1,True
2026-06-17,10,MB002,Motherboard,ASUS,0,True
2026-06-18,10,MB002,Motherboard,ASUS,0,True
2026-06-19,10,MB002,Motherboard,ASUS,1,True
2026-06-20,10,MB002,Motherboard,ASUS,2,True
2026-06-21,10,MB002,Motherboard,ASUS,2,True
2026-06-22,10,MB002,Motherboard,ASUS,1,True
2026-06-23,10,MB002,Motherboard,ASUS,2,True
2026-06-24,10,MB002,Motherboard,ASUS,1,True
2026-06-25,10,MB002,Motherboard,ASUS,1,True
2026-06-26,10,MB002,Motherboard,ASUS,0,True
2026-06-27,10,MB002,Motherboard,ASUS,1,True
2026-06-28,10,MB002,Motherboard,ASUS,1,True
2026-06-29,10,MB002,Motherboard,ASUS,2,True
2026-06-30,10,MB002,Motherboard,ASUS,1,True
2026-07-01,10,MB002,Motherboard,ASUS,0,True
2026-07-02,10,MB002,Motherboard,ASUS,0,True
2026-07-03,10,MB002,Motherboard,ASUS,1,True
2026-07-04,10,MB002,Motherboard,ASUS,0,True
2026-07-05,10,MB002,Motherboard,ASUS,2,True
2026-07-06,10,MB002,Motherboard,ASUS,1,True
2026-07-07,10,MB002,Motherboard,ASUS,1,True
2026-07-08,10,MB002,Motherboard,ASUS,3,True
2026-07-09,10,MB002,Motherboard,ASUS,0,True
2026-07-10,10,MB002,Motherboard,ASUS,2,True
2026-07-11,10,MB002,Motherboard,ASUS,1,True
2026-07-12,10,MB002,Motherboard,ASUS,0,True
2026-07-13,10,MB002,Motherboard,ASUS,0,True
2026-07-14,10,MB002,Motherboard,ASUS,2,True
2026-07-15,10,MB002,Motherboard,ASUS,3,True
2026-07-16,10,MB002,Motherboard,ASUS,0,True
2026-07-17,10,MB002,Motherboard,ASUS,1,True
2026-07-18,10,MB002,Motherboard,ASUS,0,True
2026-07-19,10,MB002,Motherboard,ASUS,5,True
2026-07-20,10,MB002,Motherboard,ASUS,1,True
2026-07-21,10,MB002,Motherboard,ASUS,0,True
2026-07-22,10,MB002,Motherboard,ASUS,1,True
2026-07-23,10,MB002,Motherboard,ASUS,3,True
2026-07-24,10,MB002,Motherboard,ASUS,2,True
2026-07-25,10,MB002,Motherboard,ASUS,1,True
2026-07-26,10,MB002,Motherboard,ASUS,0,True
2026-07-27,10,MB002,Motherboard,ASUS,1,True
2026-07-28,10,MB002,Motherboard,ASUS,2,True
2026-07-29,10,MB002,Motherboard,ASUS,0,True
2026-07-30,10,MB002,Motherboard,ASUS,1,True
2026-07-31,10,MB002,Motherboard,ASUS,5,True
2026-08-01,10,MB002,Motherboard,ASUS,1,True
2026-08-02,10,MB002,Motherboard,ASUS,1,True
2026-08-03,10,MB002,Motherboard,ASUS,1,True
2026-08-04,10,MB002,Motherboard,ASUS,2,True
2026-08-05,10,MB002,Motherboard,ASUS,2,True
2026-08-06,10,MB002,Motherboard,ASUS,3,True
2026-08-07,10,MB002,Motherboard,ASUS,1,True
2026-08-08,10,MB002,Motherboard,ASUS,2,True
2026-08-09,10,MB002,Motherboard,ASUS,1,True
2026-08-10,10,MB002,Motherboard,ASUS,1,True
2026-08-11,10,MB002,Motherboard,ASUS,1,True
2026-08-12,10,MB002,Motherboard,ASUS,3,True
2026-08-13,10,MB002,Motherboard,ASUS,1,True
2026-08-14,10,MB002,Motherboard,ASUS,2,True
2026-08-15,10,MB002,Motherboard,ASUS,4,True
2026-08-16,10,MB002,Motherboard,ASUS,4,True
2026-08-17,10,MB002,Motherboard,ASUS,0,True
2026-08-18,10,MB002,Motherboard,ASUS,0,True
2026-08-19,10,MB002,Motherboard,ASUS,1,True
2026-08-20,10,MB002,Motherboard,ASUS,1,True
2026-08-21,10,MB002,Motherboard,ASUS,1,True
2026-08-22,10,MB002,Motherboard,ASUS,1,True
2026-08-23,10,MB002,Motherboard,ASUS,2,True
2026-08-24,10,MB002,Motherboard,ASUS,2,True
2026-08-25,10,MB002,Motherboard,ASUS,1,True
2026-08-26,10,MB002,Motherboard,ASUS,1,True
2026-08-27,10,MB002,Motherboard,ASUS,1,True
2026-08-28,10,MB002,Motherboard,ASUS,3,True
2026-08-29,10,MB002,Motherboard,ASUS,2,True
2026-08-30,10,MB002,Motherboard,ASUS,0,True
2026-08-31,10,MB002,Motherboard,ASUS,2,True
